에어렉스 ADH-550 산업용 업소용 대용량 제습기 85L,"653,600원",https://cr.shopping.naver.com/adcr.nhn?x=CuwemryQ%2B6Pp%2FKfzdPF5JP%2F%2F%2Fw%3D%3Ds3ISbceRHiXg2CHW0snv1GWvDfjE39V%2Ft%2B%2FDFbsMk%2FLMUAEA2Llo9ayG2zM7qRWbT0P01ZdWO6qi0gnhhmha23UCf2K4RbUfxVPw%2BLB9RT0cXvcHdAkh2w2B%2BGiqrLfePgGwmPNX%2Fe%2BXkuZ30duRQYiNTg4vYVJt0qtKSwfXbvj5EpbHmM3c7ReCiUl6m0rielEEg14foG%2BVdAX0L7v1FZL6XAnXLARk5zGIwLaXvCWuONRVVuChaKXxWkPW4r71oaswV1j27V3%2FpfaVROe9sPtWWbqR%2F%2B8ifa0peLlF9oek6EUv4ROEI%2FzgZ9SKOFbh%2Bk12X0Ypgc7%2BJ2LXTpYnChToJPj5Nmv3o9eCQJ5xxBtgg05S8o4U8Dlq4N1aGUzI1ZdpP7vzaLuzazOylzU7hJ956e8FhialbFpMXVc68wrFOOsNHuQkEl42%2F1bsvi%2BqTDxsAK1QS4tR3rLOybf1yK7qb1BRNr%2FpGK3FdQBZynWfeljbV5%2FtInBTzfApIxpuagsMJWfdhs8lvTodDWdGuEe6EXOGFeeHtTBDh53vI0feO56Ve57t1jS76%2FubhcuYPDdTk1ctRof5Bwnjb%2BX54oA%2Bi%2FCgTFFYLjCEp0%2FnyVCfCkd2CpQ%2FahgJeoF%2FR72Tuu%2FmrzVwQeCCRC9NvDvxWFuOc8eOuKGofiSn9twV7lnRXc50eBITwugSNPH3Ok09sVpGw61BSdoQRvEGgfFlc5w%3D%3D&nvMid=31065846499&catId=50002549,https://shopping-phinf.pstatic.net/main_3106584/31065846499.jpg?type=f140
에어렉스 업소용 대용량 산업용 제습기 ADH-1100,"1,485,000원",https://cr.shopping.naver.com/adcr.nhn?x=Z5zKqzheeK05ImqXQa7jlf%2F%2F%2Fw%3D%3DsewqCldOzLE7fnDNhRnnEG4uVFi3AVsyMKUiImC2d%2FOc%2Fx930nc0dZV8cGDWLQnDCR0M1b2brqWTkZZAPIfk1a%2F0Wfgrs9B1Y9c87%2FKAvYTZFnZs%2BRfbPR7rCKzth%2Fk5Dw6ZjbtkbN7RD61dGUzg7G%2ByULazKkoBH7W7AB%2Bwczo7EhDrYFZtxOYKB%2BYQ%2FMDMCxxl%2FHouNAAkc4Yt2zyUog%2FhTk8qKAFTlWM9Fvojiy1lEvqK7Ss30A1gReRlfyn6hISb95YyaO%2FVVSKY%2Bv5t1jk0nl9pPYf3aQkLLXqnwDz7v9A8xNDqNZsrAPYhkpJ6AxXa12gsT6c8Wsw9gNp8wm%2Fpj1pkkFCu2UL5xsPInce%2FhH2IVMW%2FNs7hO82l5jMlrqBE%2FRamu7LQIHKl%2F1PIMxIgc8PbEhyTp3GyhNZxPXR%2F6Z9xOVqlCblJKeP%2Fvi4%2B9jB5%2BwQwTWqlzZqCmwHkzL8ljdW3V4o7tBB0oLcKio06StaopRhFZ4IOe6F7%2Bau1mcpbCIuQKAmKt63107ws3bTYWHEnyjod0GS%2BUMj86EQVp5Lu0NS9vv9nWlEOKWWrotuanK7XTlQwsxqLVaSsC9rk9yx2LE4ozzid%2FD5Tsgrp%2BFMsn5jNBujqDjt7b6tUAd09d66vChndoU2PkFN9egE8YTcdFcr9dBxCSAgj%2FTozLVWGr8fvvH1mWvUgXPK6j&nvMid=83969409941&catId=50002549,https://shopping-phinf.pstatic.net/main_8396940/83969409941.jpg?type=f140
에어렉스 업소용 대용량 산업용 제습기 ADH-700T,"858,000원",https://cr.shopping.naver.com/adcr.nhn?x=0GfrjsIKU9KS%2FHe8nFDNLv%2F%2F%2Fw%3D%3Ds%2FceHGpsFKgTvF%2BSbQA1hA4bOEYS05e263XljqrmTu%2BAlPRmhPe5vp1ncjKZ%2BJ0DaEE%2F4Q4vyL9DypkTyIMMuz9Z5iSXJdbn0TVlshxmSm6pnnVvjMgiHMjbFhm4v1%2F1AP2tfKoQ0NQPyiad34AQ6K9jmWtYSsqTepKGdKclvD9wI5UxOH0HGkmR6TPEjBwQxjU8zA2%2Fr0KRTt%2BMJGMmTd4oxdh8wJlnKjqdiu79Q8kphRFffAnwMIv4KbDg9X0OgDmGfnyFwGV9WLkkcfMQq5wgwkkzKYI6KEQSgBtwbxPpZVS%2Bj55dAPPcJNrWi4f0hqqqfxnSmQ%2BiUZHFxAmSXOmaf7oVVn%2BbTDsruUdhAA7ulYwF6hg7KldW9P6%2Fj3GSuveyWajGmZtd5H%2FyZlZBzOsfYHV7RxHNLGhedC%2FrUQKwpIND%2BnOBUQpyk4LOEWZRITikZlaWG1PWpYSvIp0t7OA3XU7hwJjB6osgvtgbsSX3r5iPQ5lYTTsyybotekJKEa5zCLKVunaPZfKk27pauKZN2LB7pMPRpV3MGzp%2B6UjKDFkziYWx%2F1OPjxhWGdy9SGoGqYbMvlPpoCUZ2Wefm%2FZdbKw9XvZGVPdmRWyuQVSA0SNWcP6l1GBljL8OBB%2FOpwwONSdgBmyD4QMmSA8OcPD5tldli49KC377V0gKvYz4NUJgJp6CUXauCvW7Y5AjN&nvMid=83969402113&catId=50002549,https://shopping-phinf.pstatic.net/main_8396940/83969402113.jpg?type=f140
에어렉스 업소용 대용량 산업용 제습기 ADH-600T,"693,000원",https://cr.shopping.naver.com/adcr.nhn?x=AcuIp%2F3lrODl%2BBAqNViHLf%2F%2F%2Fw%3D%3DsLZOBb4qa5RmgOos7xtTF%2B2ExyMjRjLYudxRH8fDXx%2F8%2Fx930nc0dZV8cGDWLQnDCR0M1b2brqWTkZZAPIfk1a0LYM9bOTmJJmQfDhHPnNKfOSBfwULZHje7TaBkanUQNw6ZjbtkbN7RD61dGUzg7G%2ByULazKkoBH7W7AB%2Bwczo7EhDrYFZtxOYKB%2BYQ%2FMDMCxxl%2FHouNAAkc4Yt2zyUog%2FhTk8qKAFTlWM9Fvojiy1lEvqK7Ss30A1gReRlfyn6hISb95YyaO%2FVVSKY%2Bv5t1jplErBrSYJshr2OH1YeaSDDv9A8xNDqNZsrAPYhkpJ6AxXa12gsT6c8Wsw9gNp8wm%2Fpj1pkkFCu2UL5xsPInce%2BCnLQJ1JefnYUCdWBUEVjSqBE%2FRamu7LQIHKl%2F1PIMxIgc8PbEhyTp3GyhNZxPXR%2B8OO%2BTs2jhWAx4kTiVB%2FXgjB5%2BwQwTWqlzZqCmwHkzL8ljdW3V4o7tBB0oLcKio06StaopRhFZ4IOe6F7%2Bau1mcpbCIuQKAmKt63107ws3bdj%2FA5tcNuCLWEd%2BmSGDyoFp5Lu0NS9vv9nWlEOKWWroM2MFE0SsHbleuSn2JZN8E%2BYQsU7TtARBhTKL6TvT1FOTP1rnbdKvWvpaVMeBzMmBbgAhlbtxFEBbmlHNkYtor1MufgW7ZAmYEbSwsgTYtyCFbDf4gHI5rSMJU1BWcIOg&nvMid=83969392369&catId=50002549,https://shopping-phinf.pstatic.net/main_8396939/83969392369.jpg?type=f140
에어렉스 업소용 대용량 산업용 제습기 ADH-600P,"792,000원",https://cr.shopping.naver.com/adcr.nhn?x=Z%2FF7IRvoZ8PqyI4%2FindE8v%2F%2F%2Fw%3D%3Ds1ZGfa7TdidUIq07ozw047hZByKewd8Ydb%2FAlBHK%2BZ5c%2Fx930nc0dZV8cGDWLQnDCR0M1b2brqWTkZZAPIfk1a9MtbEgUOkwKHVvHDTtS8sAZHwdDD7d5gKMY2susBehEw6ZjbtkbN7RD61dGUzg7G%2ByULazKkoBH7W7AB%2Bwczo7EhDrYFZtxOYKB%2BYQ%2FMDMCxxl%2FHouNAAkc4Yt2zyUog%2FhTk8qKAFTlWM9Fvojiy1lEvqK7Ss30A1gReRlfyn6hISb95YyaO%2FVVSKY%2Bv5t1jqnIhYtumU7ggh4HAr%2F%2FceHv9A8xNDqNZsrAPYhkpJ6AxXa12gsT6c8Wsw9gNp8wm%2Fpj1pkkFCu2UL5xsPInce8fA7B8l5b2zFDrh4eTw7g7qBE%2FRamu7LQIHKl%2F1PIMxIgc8PbEhyTp3GyhNZxPXR%2BBBOEsHbYSR5LvtwrbhatIjB5%2BwQwTWqlzZqCmwHkzL8ljdW3V4o7tBB0oLcKio06StaopRhFZ4IOe6F7%2Bau1mcpbCIuQKAmKt63107ws3bcEhnCRZ5PXlJB9U12tTD0xp5Lu0NS9vv9nWlEOKWWroRwihpb8OOo8D30kOFz8eSeYQsU7TtARBhTKL6TvT1FOTP1rnbdKvWvpaVMeBzMmB%2B4P3NAvsQza9WwpmIpE6BFMufgW7ZAmYEbSwsgTYtyCFbDf4gHI5rSMJU1BWcIOg&nvMid=83969389458&catId=50002549,https://shopping-phinf.pstatic.net/main_8396938/83969389458.jpg?type=f140
에어렉스 업소용 대용량 산업용 제습기 ADH-700P,"957,000원",https://cr.shopping.naver.com/adcr.nhn?x=GEt1EVOJmnYZyIOF3veGzP%2F%2F%2Fw%3D%3DskUOVfw%2FQh418BXKDMVoPICT0pATT9PqCXlUrShwpkoY%2Fx930nc0dZV8cGDWLQnDCR0M1b2brqWTkZZAPIfk1a3SRb8yiIvK0n1B1O5fJGyzI9cAjyEy%2BbGCZejLk6UHsw6ZjbtkbN7RD61dGUzg7G%2ByULazKkoBH7W7AB%2Bwczo7EhDrYFZtxOYKB%2BYQ%2FMDMCxxl%2FHouNAAkc4Yt2zyUog%2FhTk8qKAFTlWM9Fvojiy1lEvqK7Ss30A1gReRlfyn6hISb95YyaO%2FVVSKY%2Bv5t1jlHctEf4OwxAC7iGvCR3N13v9A8xNDqNZsrAPYhkpJ6AxXa12gsT6c8Wsw9gNp8wm%2Fpj1pkkFCu2UL5xsPInce%2FTzsqWJVacUAZHnKuCJk56qBE%2FRamu7LQIHKl%2F1PIMxIgc8PbEhyTp3GyhNZxPXR%2BUNQh7NrlhHY2llrmbbiTIjB5%2BwQwTWqlzZqCmwHkzL8ljdW3V4o7tBB0oLcKio06StaopRhFZ4IOe6F7%2Bau1mcpbCIuQKAmKt63107ws3bad4OoDPSFRvBBa4IMnXk11p5Lu0NS9vv9nWlEOKWWroOZZEOXJsgqyYKUbfp5noUeYQsU7TtARBhTKL6TvT1FOTP1rnbdKvWvpaVMeBzMmBFrGhnoN4N%2BIHvkol3kPPyFMufgW7ZAmYEbSwsgTYtyCFbDf4gHI5rSMJU1BWcIOg&nvMid=83969395464&catId=50002549,https://shopping-phinf.pstatic.net/main_8396939/83969395464.jpg?type=f140
에어렉스 업소용 대용량 산업용 제습기 ADH-2900,"2,695,000원",https://cr.shopping.naver.com/adcr.nhn?x=7zmQ0Ez1sNmfwKg2NFX3Jv%2F%2F%2Fw%3D%3DsSrQ6Wx12mBXBG%2BoJaS8q24m7GPCAQh3%2F4SsyvEfXADY%2Fx930nc0dZV8cGDWLQnDCR0M1b2brqWTkZZAPIfk1a7aFlThiFDoHAb8ewIdYdsOpmoTmE05W11JVOray2hQPw6ZjbtkbN7RD61dGUzg7G%2ByULazKkoBH7W7AB%2Bwczo7EhDrYFZtxOYKB%2BYQ%2FMDMCxxl%2FHouNAAkc4Yt2zyUog%2FhTk8qKAFTlWM9Fvojiy1lEvqK7Ss30A1gReRlfyn6hISb95YyaO%2FVVSKY%2Bv5t1jv%2F%2FKyPbXgP5yt42poW6dZPv9A8xNDqNZsrAPYhkpJ6AxXa12gsT6c8Wsw9gNp8wm%2Fpj1pkkFCu2UL5xsPInce9zqXH9l4Y%2FS3XuCBTREzGhqBE%2FRamu7LQIHKl%2F1PIMxIgc8PbEhyTp3GyhNZxPXR9X2MIQf5b4KubWnZrH25yDjB5%2BwQwTWqlzZqCmwHkzL8ljdW3V4o7tBB0oLcKio06StaopRhFZ4IOe6F7%2Bau1mcpbCIuQKAmKt63107ws3bVRGhEm0rIIErtulXd66jOxp5Lu0NS9vv9nWlEOKWWror4p3Su2YDzdKvbXRi3yrYbk9yx2LE4ozzid%2FD5Tsgrp%2BFMsn5jNBujqDjt7b6tUAejl1DFZUMVceGzGLUvK5LU8YTcdFcr9dBxCSAgj%2FTozLVWGr8fvvH1mWvUgXPK6j&nvMid=83969380819&catId=50002549,https://shopping-phinf.pstatic.net/main_8396938/83969380819.jpg?type=f140
에어렉스 업소용 대용량 산업용 제습기 ADH-2000,"2,200,000원",https://cr.shopping.naver.com/adcr.nhn?x=vWRKXFcIx1tdttS%2FoP5kqP%2F%2F%2Fw%3D%3Ds25ZyL4Z2gE9hGX2yGdEuo675RC%2F4j%2BlGRQTLNNUjpy0%2Fx930nc0dZV8cGDWLQnDCR0M1b2brqWTkZZAPIfk1a4IDQfESKsj3QRisu5q02kEaChhcSUYyhbtSvQMQ4j7qw6ZjbtkbN7RD61dGUzg7G%2ByULazKkoBH7W7AB%2Bwczo7EhDrYFZtxOYKB%2BYQ%2FMDMCxxl%2FHouNAAkc4Yt2zyUog%2FhTk8qKAFTlWM9Fvojiy1lEvqK7Ss30A1gReRlfyn6hISb95YyaO%2FVVSKY%2Bv5t1jjJFYJpBg7ZsQraqJVArAIrv9A8xNDqNZsrAPYhkpJ6AxXa12gsT6c8Wsw9gNp8wm%2Fpj1pkkFCu2UL5xsPInce%2B6Y7j4Gn8ULd7jxhspxVD8qBE%2FRamu7LQIHKl%2F1PIMxIgc8PbEhyTp3GyhNZxPXR8iwsDKOL5KqMrfeGoiXv26jB5%2BwQwTWqlzZqCmwHkzL8ljdW3V4o7tBB0oLcKio06StaopRhFZ4IOe6F7%2Bau1mcpbCIuQKAmKt63107ws3bfLmGV2BDtOoXbo7Y2z%2BQT1p5Lu0NS9vv9nWlEOKWWroSVyCklYPCD69PUl98mzembk9yx2LE4ozzid%2FD5Tsgrp%2BFMsn5jNBujqDjt7b6tUAKZHgu0uPsE52TQRwGg0JDk8YTcdFcr9dBxCSAgj%2FTozLVWGr8fvvH1mWvUgXPK6j&nvMid=83969348315&catId=50002549,https://shopping-phinf.pstatic.net/main_8396934/83969348315.jpg?type=f140
에어렉스 업소용 대용량 산업용 제습기 ADH-1800,"1,870,000원",https://cr.shopping.naver.com/adcr.nhn?x=2fBdRt9nbiWNNjLeOsCqJ%2F%2F%2F%2Fw%3D%3DsgSrG2eMgiG5mE1KnJ0uBFNlNSa4hAfn2%2BXVPNiFfGXEijg%2BYKWjIWQpNBjWNeivAmxQX0JHadbTh9ePbvWmIaarG4jcYM0nOK0hhmURGFxb9sda01dxS2Y8rxrVHl8R%2BQ%2BD%2Fo9glb0ukJK6bM8miKOrBpKG6xzi43UPT3zaWqwD%2FIxp1Oh75GG67xk3peaS4ovoLRdTK%2Ffd2QkkdQClohY%2Fnj%2FVF2XeRwBKHuXlEZrfJrHFGbgfwdxgOLQHcHeJCZ9BPu5bC%2FF3Pycy%2BFcIoXUrpX%2FRkdlTThRLQGIaL6QaTXZfRimBzv4nYtdOlicKFOgk%2BPk2a%2Fej14JAnnHEG2CDTlLyjhTwOWrg3VoZTMjWBsGGovq1YP6V7s2GVp7BRmQwvHkON%2B91nBlnZlalZ1lohyZ8C4I6Y7LTnFHZsXMUcdRbWj%2F8v%2Ffq1Ar96c%2Fhrtct2ikeX8B7et8B9Jsk2N0LUvSZMvT6iTo0PJmCxFL5jTJRXaUh6TyZzSA%2BRBlXjoBXI%2FDgMNeVRwJA6PwT%2F1dlAroRAzYQQ0156%2FPAh1zHXNzwjTmXA65tGCMbiQ1NYS46sIl9kfBu0tz3lpzMKzMW8TYJ1YoScvnnVpsV8THCKO%2B57lTEUuYOxESoovPS0SFw29NJTVf%2FPMCh8cELc70myCXfEC1yHVbg%2FT%2B3I4tvHICEQpPL7Rm%2B2fyhjEhHR&nvMid=83969367426&catId=50002549,https://shopping-phinf.pstatic.net/main_8396936/83969367426.jpg?type=f140
에어렉스 업소용 대용량 산업용 제습기 ADH-2400,"2,310,000원",https://cr.shopping.naver.com/adcr.nhn?x=cJsXYcANIciBor4GZsyw%2FP%2F%2F%2Fw%3D%3DsSACJKjQmqmRWm6Kvo9SIpZISxr796VLFwUEb6MA2jO8ijg%2BYKWjIWQpNBjWNeivAmxQX0JHadbTh9ePbvWmIafOuBLUiSThvsTA1wHX0JICTM5IYt5H9QrljO7px8lLCQ%2BD%2Fo9glb0ukJK6bM8miKOrBpKG6xzi43UPT3zaWqwD%2FIxp1Oh75GG67xk3peaS4ovoLRdTK%2Ffd2QkkdQClohY%2Fnj%2FVF2XeRwBKHuXlEZrfJrHFGbgfwdxgOLQHcHeJCZ9BPu5bC%2FF3Pycy%2BFcIoXfY45g3TB4q84kdsCbZmLSqTXZfRimBzv4nYtdOlicKFOgk%2BPk2a%2Fej14JAnnHEG2CDTlLyjhTwOWrg3VoZTMjX%2F2HReDpx3CWWCwvcrYoiCL3uPBj0T7mgZGzXKUs%2BCelohyZ8C4I6Y7LTnFHZsXMUk8okqWT9uQViTUPfIb9At%2Btd2Oe5aMLU%2FbwZZ40%2B4xkLUvSZMvT6iTo0PJmCxFL5jTJRXaUh6TyZzSA%2BRBlXjoBXI%2FDgMNeVRwJA6PwT%2F1V17rAXyEi0QcjPq7LVtI2HXNzwjTmXA65tGCMbiQ1NYmfP14UyPUDHjTEJXgvZ1XMW8TYJ1YoScvnnVpsV8THCKO%2B57lTEUuYOxESoovPS0N%2FnXGVAFtghiI2E2iMu2eLaDBzRccMljEIzxWvXueeTke%2FVP%2BgM94BPZkP5YJ%2Bex&nvMid=83969373935&catId=50002549,https://shopping-phinf.pstatic.net/main_8396937/83969373935.jpg?type=f140
에어렉스 업소용 대용량 산업용 제습기 ADH-1000,"1,870,000원",https://cr.shopping.naver.com/adcr.nhn?x=lftyzrZoKPA3zAFYTBuoyP%2F%2F%2Fw%3D%3DsK3mDkmpJ%2BghcRgD%2BBTWLV7kMr5yNzWKLkpPXTSorlRA%2Fx930nc0dZV8cGDWLQnDCR0M1b2brqWTkZZAPIfk1a0uQw6jzeqSrgeRLr8TIZYgtJAAuhFTw1jsngYXs4fnzw6ZjbtkbN7RD61dGUzg7G%2ByULazKkoBH7W7AB%2Bwczo7EhDrYFZtxOYKB%2BYQ%2FMDMCxxl%2FHouNAAkc4Yt2zyUog%2FhTk8qKAFTlWM9Fvojiy1lEvqK7Ss30A1gReRlfyn6hISb95YyaO%2FVVSKY%2Bv5t1jme%2FGbu4vFOjJRI%2FvgMkRzzv9A8xNDqNZsrAPYhkpJ6AxXa12gsT6c8Wsw9gNp8wm%2Fpj1pkkFCu2UL5xsPInce97Wqntx5ACOd4anHx%2ByJY0qBE%2FRamu7LQIHKl%2F1PIMxIgc8PbEhyTp3GyhNZxPXR%2F1jPAfG%2BhzlGoj8RbA0KtnjB5%2BwQwTWqlzZqCmwHkzL8ljdW3V4o7tBB0oLcKio06StaopRhFZ4IOe6F7%2Bau1mcpbCIuQKAmKt63107ws3bXJcfSXww2G1EGfUvr7E%2FRBp5Lu0NS9vv9nWlEOKWWroK99cbhBGZFxvRDPoDErWP7k9yx2LE4ozzid%2FD5Tsgrp%2BFMsn5jNBujqDjt7b6tUAzF669uWf%2BXTiGfJivYEjQYFkRFMMilcOKlcbF%2Fk8sGdoaKZHilHbuauHUigNM5KA&nvMid=83969330934&catId=50002549,https://shopping-phinf.pstatic.net/main_8396933/83969330934.jpg?type=f140
에어렉스 업소용 대용량 산업용 제습기 ADH-800,"1,430,000원",https://cr.shopping.naver.com/adcr.nhn?x=EWjm2AmV6PQYhYokBMBA%2Ff%2F%2F%2Fw%3D%3DsRecqdWy1VQtN9sVlHHPg8RU2%2BFBuiYfvtMWB%2Fhf2m3Yijg%2BYKWjIWQpNBjWNeivAmxQX0JHadbTh9ePbvWmIaeyMM%2BxLDY9XBRuM7hI4y5xl2qIFysKn%2BPxp2F4L%2FDBpQ%2BD%2Fo9glb0ukJK6bM8miKOrBpKG6xzi43UPT3zaWqwD%2FIxp1Oh75GG67xk3peaS4ovoLRdTK%2Ffd2QkkdQClohY%2Fnj%2FVF2XeRwBKHuXlEZrfJrHFGbgfwdxgOLQHcHeJCZ9BPu5bC%2FF3Pycy%2BFcIoXb7TPj2GgkngkXnv1I5wcx6TXZfRimBzv4nYtdOlicKFOgk%2BPk2a%2Fej14JAnnHEG2CDTlLyjhTwOWrg3VoZTMjWWZ355t7z0sI52P2Y1%2BM5R7VGfNlLTpS7holjeOfFAFFohyZ8C4I6Y7LTnFHZsXMWQDigJbWD0Z4DHE6tLtEP9s%2BQZWVRwU1wh0WcnX1DQg0LUvSZMvT6iTo0PJmCxFL5jTJRXaUh6TyZzSA%2BRBlXjoBXI%2FDgMNeVRwJA6PwT%2F1f67UEEp7GlGj1t6PpHS3dCjuR71Lz8IfaGEx31ohZvrRSIuCsGqRrkbga0T%2FkM7FRc3J72TdqRtdlxLkf9yUd4oFaScN3UPhdVqcOiY9VfKfjf337h5jny7LoXzMJANMEmyCXfEC1yHVbg%2FT%2B3I4tvHICEQpPL7Rm%2B2fyhjEhHR&nvMid=83969316233&catId=50002549,https://shopping-phinf.pstatic.net/main_8396931/83969316233.jpg?type=f140
산업용제습기 업소용 공업용 대용량 제습기 물류창고 65리터,"478,000원",https://cr.shopping.naver.com/adcr.nhn?x=VMX62pIvpMyC0qtzvRGdtf%2F%2F%2Fw%3D%3DsjFROfxFm%2F6ZvlG9xas3HolZzHyPmngd96VLAZMGrsaMUAEA2Llo9ayG2zM7qRWbT0P01ZdWO6qi0gnhhmha23e6JiaLoMADoPH5b69CNyohSty%2FjW7bck%2BUVgry2cfK0gGwmPNX%2Fe%2BXkuZ30duRQYiNTg4vYVJt0qtKSwfXbvj5EpbHmM3c7ReCiUl6m0rielEEg14foG%2BVdAX0L7v1FZKXI5HfY0b7Q8Wjf37Z%2BgGvFSIVE2KtidcBeF3Cg9gDlpDgN2WrXhv2PHiscF9RNDXQRHg8COROxE0ABXOaQ6xhaQIdcGwEKHhzroTDMFb1FYC3EHGztp%2F70eeRQVRroPCbZi6drar0hK3C%2ByTEAsQbhcZaLlt9XnnWeIrcNgre9P2ERvr7uXXaq8EjkRmBqA9XYXaQdgbfATNhY8cKpZpkHMTmeTi0QREhbR%2FoSrrODimQb6nXaZn1q4SHYt9E5b78kjdFOz1rvdGwYEeZVqfAqV1ZMNLDdFC241hZ37GlqEdr0awxLuurrwhGqkKPkCThpyXaIf%2BznRthDYt0iPllafrgDrEG9MF0fYVHtWng5lbVRyI65DaVRqiKGlJYdT9HBcBktC%2B2w0mO%2BkcvAoyur7VAb36ErED7xDOmVlGU6YKQsXzhBzaZqJjaeNzhKTP3qXvVGYcVReDc%2F6l1NAk%2B3Z3QOAb8GYfRCjhbD7NHyhWw3%2BIByOa0jCVNQVnCDoA%3D%3D&nvMid=83916394128&catId=50002549,https://shopping-phinf.pstatic.net/main_8391639/83916394128.jpg?type=f140
에어렉스 당일발송 에어렉스 대용량 제습기 ADH-800,"1,430,000원",https://cr.shopping.naver.com/adcr.nhn?x=2jfoSCreDRzfYacTa%2BGzsv%2F%2F%2Fw%3D%3Ds2%2BbSMdQqGWfwqMFzOuLjafX5KaSRCWD6%2BJORdjfp%2BaI%2Fx930nc0dZV8cGDWLQnDCR0M1b2brqWTkZZAPIfk1a9z75HDjxeu17uYVNKkVherRZAHeBudtcTNS79LtR1I0w6ZjbtkbN7RD61dGUzg7G%2ByULazKkoBH7W7AB%2Bwczo7EhDrYFZtxOYKB%2BYQ%2FMDMCxxl%2FHouNAAkc4Yt2zyUog8RVuaj%2FFZX37%2F%2B%2BAhrSSBRwrutLv5CQ%2FJCfW1oMRKP%2FiLVtBqMgoK2kStOpwv33zLjTYNyL3H9gTk0lmWA%2Bu9NeP1LlRERLsRkenS96cXhVWVUvo%2BeXQDz3CTa1ouH9Iaqqn8Z0pkPolGRxcQJklzpmn%2B6FVZ%2Fm0w7K7lHYQAO79c3qcDpWxWqWUumKGHbbeBUmLFbjGphPAwix5fKpVBBOOsNHuQkEl42%2F1bsvi%2BqTUGzrWnAij2sCy0QUUrI4erqb1BRNr%2FpGK3FdQBZynWc5av3sLri7GIKPaYv3YWIMiOT4TFQMX4e2SOqPQxZNErCaXZ3f6NrtHLi7bt8JqBcMBbZjeWVv2AVgSmSyIlMqpZdAU1j5E2xzsXawPYSJuaBYyDGAVIDt8H5wsffP3RDmELFO07QEQYUyi%2Bk709RTYwOM5K7nYzr4mxghWrxVsmmx9L1gLr8IWGmgnGervWlvU2Y6hEEwGxc1AZfON9sL4VRAH%2BsMDObarUodGweR8Q%3D%3D&nvMid=31034339347&catId=50002549,https://shopping-phinf.pstatic.net/main_3103433/31034339347.jpg?type=f140
에어렉스 에어렉스 대용량 제습기 CDH-350 제습량:65L /업소용,"424,160원",https://cr.shopping.naver.com/adcr.nhn?x=Kj9wOcfgAeY35UzFIgt7Y%2F%2F%2F%2Fw%3D%3DsTpZy1AaPy97eHm6cT99mi3kCeWPxNyGNWlMC2TfMm2YUAEA2Llo9ayG2zM7qRWbT0P01ZdWO6qi0gnhhmha23VWJVVbwl1V2ujW4j20t0Ro7YZkVw1xY4LsxaXvZboUfgGwmPNX%2Fe%2BXkuZ30duRQYiNTg4vYVJt0qtKSwfXbvj5EpbHmM3c7ReCiUl6m0rielEEg14foG%2BVdAX0L7v1FZL6XAnXLARk5zGIwLaXvCWu%2F4M47N2TI%2BvKM8a1TSgaYnuzs%2F5Ts%2Fjdg4pqMIr9X4DPbuNejet9Mhup8bfLqQvIsOJoYhB0zmHkgM4%2FnGrdotlRPi%2B%2FGqeZPfwWH7NuDnOf1dz4FwLyLlLHjNRU2Hk00xhDelscLW7CPL0XwJLcxZDmYqQvV43dpVxuUdDBl3lNCFxNGH3eBKZdEe3Zv8LFQKZ7LmtDbAiutuZs8a2dhfCHcrDMgF31RigHQNR%2BqD8e9j9TM33g7MivnAbc9%2BICPoy%2B00O%2BqqLeGQU61HGyJytNH7%2FJ6McP5FBo05b4w90W3FXhBlHtQUjWJYiu6A8%2F1%2FFtUCVhSkx9RgVF9vpeHS5nZQA9Job8VX%2FtDdamCNBSrzbuCrxldXnIISyAAGXoqhqs0aD9EwlWAAa27ylbKfRVCv0WKroj83FncuJrMscXD2eWiTAVvpI6JAAmph692XQNDUapu3b3OHNCux2jb2ZVWCwxCaZyPHBegjD0iFrSA8RL8Wvt%2BDUINXZPf2tH9ZOyABFrRQ6ChzqmmNNrjhWw3%2BIByOa0jCVNQVnCDoA%3D%3D&nvMid=31136808288&catId=50002549,https://shopping-phinf.pstatic.net/main_3113680/31136808288.jpg?type=f140
에어렉스 대용량 업소용 제습기 일65리터 CDH-350,"478,000원",https://cr.shopping.naver.com/adcr.nhn?x=jzr10Cu%2F1UNSetaJHSiJtP%2F%2F%2Fw%3D%3Dsyx772Bgz%2Bbh1%2BeZTJ7pfie5F9mpScYdHW57HBlgsenU%2Fx930nc0dZV8cGDWLQnDCR0M1b2brqWTkZZAPIfk1a8e32Za3z5RH7Uo2sygxmdqtxnH%2BPHHmYh0FbTgbpYt2w6ZjbtkbN7RD61dGUzg7G%2ByULazKkoBH7W7AB%2Bwczo7EhDrYFZtxOYKB%2BYQ%2FMDMCxxl%2FHouNAAkc4Yt2zyUog%2FhTk8qKAFTlWM9Fvojiy1kc1m1D%2BIbH5A4jIf3oqa63YTpbidbVkEIl0U4LLdc3zDkNOPo81uBwfdNLb7P3zEZwf47rqq9llQVQ9ur4QOl1FbYDajIX56JX6A7%2BM8tpEz2MAEVHJcEisuzUS7sBETsXNAnKmD7uIkiMBhhqed6m1M0KHYCUDSqUnCi0Xm%2BeAiBfBq32Uqa%2BRWxh4leuGJxqmNli1eSW%2BdksUVUeXKvyE%2FB5Zh2BGHDjiOApxqPmkTEhIajQ%2Bq%2BwlweoP3kOufUcD868zVL1D7lu6OIH3HUfMVMhB95kr9tqBhrcVhp3r6GXeVLA3Wam%2FU%2FxqRjh6B84covQHSbGPI5GMrA%2FKNKTAPxlrKG3bzpyALkdCEXI2tsnd4TYWleKiBG2J9und2%2BckNxFN%2FZL6lJTw%2B4EM0bjtqieestw8s1xhP7F2EC49SZ%2FWrrfc%2FRRuZ5njJkmbiFk%2F45OOnLh3BgJ4O5AHrCAh8jHR%2BanZQRNayh1AeDbpR6zNwyxowpFrlawiCBvo0Rfo7Ja9CDoGs5nD9szlj0NB6i0%2BdSvnC5wpeqYxRTxDQ4SwcLvxUEucVmH%2BcOht40%3D&nvMid=31300893229&catId=50002549,https://shopping-phinf.pstatic.net/main_3130089/31300893229.jpg?type=f140
[90평] 산업용 대용량 제습기 에어렉스 ADH-800,"1,430,000원",https://cr.shopping.naver.com/adcr.nhn?x=86nMGOUItOyv7UY5F8ThSv%2F%2F%2Fw%3D%3Dsa2V%2FmIScxifD5aH52Fj2bcgNifCwO5au5IHEq9uV%2B2o%2Fx930nc0dZV8cGDWLQnDCR0M1b2brqWTkZZAPIfk1azDIr0TYbjHMdVFkGt6IwCxP57wE2Nl20RqSJEvLMPuYw6ZjbtkbN7RD61dGUzg7G%2ByULazKkoBH7W7AB%2Bwczo7EhDrYFZtxOYKB%2BYQ%2FMDMCxxl%2FHouNAAkc4Yt2zyUogww6nrto%2FIX6erddcEk5EQNjBdQfQ37P3KvgGvRcRbispFqPL5n7H32YjChEgdgp5Om9SJOV1wnHlC%2FUmPGsYoCIfPwmb40vbm%2Fpjf0vZegcTX7EOnuU6dCAwlFBmxxSXuMOEpVeDUy4ko6yLwGGAdhKU%2BipbnhaLEv6otaaQJ9eXa1PYAb0zmPF1cRoKRscXTDyDo1nnphJEXNNxQWsJ1Uqs5qo%2BQqgYsaxFZS20UuNOlAGif1cRSpJDny0dAaBUsTm2QVEtIgZDA782Gs%2Bc1HDgjWfq3cg%2ByiBpk64LoTq6hgITKyuXXXmWiOTtOT3CXi74t1%2BvZ%2F4F83nLVYxJKWJtB%2Fuv9BFyoTGn2cD65l%2B8X8xQh8UF3v025Trf%2B4IT4OuAKV6RXG1Is03XJLviBeWWqaDJtf%2BS7LpsN9i8ltoa53L88TuasFnRE9IsXf7gOgCq5qaw5KE44Lra8QQpY4GruH08DlKshetxY8KUEZb&nvMid=27321476913&catId=50002549,https://shopping-phinf.pstatic.net/main_2732147/27321476913.jpg?type=f140
[180평] 산업용 대용량 제습기 에어렉스 ADH-2000,"2,200,000원",https://cr.shopping.naver.com/adcr.nhn?x=qEEhsWQqsmbTZ9cklLdEX%2F%2F%2F%2Fw%3D%3Ds%2BCHilj60ohvOpK%2Bpv0ZV6OrWafuvg7Fr%2BXRCw9WOEVo%2Fx930nc0dZV8cGDWLQnDCR0M1b2brqWTkZZAPIfk1a6NIqa7rQFzYwXJqVunKp%2FNahrpGobz3YjypFXJQZrgQw6ZjbtkbN7RD61dGUzg7G%2ByULazKkoBH7W7AB%2Bwczo7EhDrYFZtxOYKB%2BYQ%2FMDMCxxl%2FHouNAAkc4Yt2zyUogww6nrto%2FIX6erddcEk5EQNjBdQfQ37P3KvgGvRcRbispFqPL5n7H32YjChEgdgp5Piv40NNwr5BndjaJZpxqDiIfPwmb40vbm%2Fpjf0vZegcTX7EOnuU6dCAwlFBmxxSXuUqWpDH0FrH2ipTyJSaBr0sFEroQU4ECt5z8cMegG0DXa1PYAb0zmPF1cRoKRscXTDyDo1nnphJEXNNxQWsJ1UgrxMrfRBfL7r%2BGigPyabsDOR%2FLOc05qrg4NAM%2BMq2UoLe255OU6oy3Kv4%2ByMeysA6CXQVRrXQVxVKNqVsERf8PNfPKKoEIseCdcnM1W8%2BYWu%2F2U7bijDysIlZw0UJwGNi501PlA1oOCU6y0ULCAEPlQTy19S9YNn7HGA8VdCw2MW8TYJ1YoScvnnVpsV8THBVBXJWU9WJSgA0lsZKo7AHIW7y5cwPmOpXKHi59026dTBQPA4YndhvFMjJuzzBvIwdHI8FZtQVGFZJxOyBDKc%2B&nvMid=27321476911&catId=50002549,https://shopping-phinf.pstatic.net/main_2732147/27321476911.jpg?type=f140
[160평] 산업용 대용량 제습기 에어렉스 ADH-1000,"1,870,000원",https://cr.shopping.naver.com/adcr.nhn?x=f4f9zcdtLtbfLPRl7P3vuf%2F%2F%2Fw%3D%3DsEL6jOzYqzxso%2Fmbyru5Cw004ESs17Ef8KISA3m2Tte8ijg%2BYKWjIWQpNBjWNeivAmxQX0JHadbTh9ePbvWmIabvPKkMKQat2iOm9aM216gxQuSsoyUIerJx27CYm1adSQ%2BD%2Fo9glb0ukJK6bM8miKOrBpKG6xzi43UPT3zaWqwD%2FIxp1Oh75GG67xk3peaS4ovoLRdTK%2Ffd2QkkdQClohZdjMUchg8LC70DgsfEjdA73QFGRZJXF1y33qs%2FLBOC49aFUr5GYMZW96%2Bqj%2Br7MIthfFn9z7h%2BAyiFxV8oo6fjSWUF0nMvxKunP47s%2FT5FbiFSKH%2Fi%2B3jM5CvsGO%2BWif0Q6cpKTqlmYGalnAZlcEQ3LnWnEsALrkcrSM%2BJ%2B8viAUjVqtWttY5IjOw9rxC5jMn8%2BU3EJuoSEXEUilc5IV%2BxbfmDgzUSJFUQt9167B7O9CmEtp%2F%2Bczm31qd766kKNBl71RAjfND%2FyOQa6AK7NjT%2FQ%2FTVl1Y7qqLSCeGGaFrbdnhO07T89Iq3GbFC9UNAg12Egj0bTql4NuVs%2Fs%2BvSP31JEazGbJLwdMBiT%2BUET0CN7fYkV2VkV1FWvqo3qx1n0bq%2BpQCysFguhN8FnEQ1SfLZlVYLDEJpnI8cF6CMPSIWgifYqcEC4wZy9le95g5gLXzQS17ddbF1aDXh6glc0syFbDf4gHI5rSMJU1BWcIOg&nvMid=27321476912&catId=50002549,https://shopping-phinf.pstatic.net/main_2732147/27321476912.jpg?type=f140
에어렉스 에어렉스 ADH-550 산업용 업소용 대용량 제습기 85L,"638,000원",https://cr.shopping.naver.com/adcr.nhn?x=935qqCt3z7FA1DSwx0Kk5f%2F%2F%2Fw%3D%3DsyCO88smY8HZZzrAew%2BRzzU7WpUmsvS126GBUaTExhPg%2Fx930nc0dZV8cGDWLQnDCR0M1b2brqWTkZZAPIfk1a%2BY8rFyw%2BERoq2J5JIydrj2I42t3KGTnSLBEqkDLCSazw6ZjbtkbN7RD61dGUzg7G%2ByULazKkoBH7W7AB%2Bwczo7EhDrYFZtxOYKB%2BYQ%2FMDMCxxl%2FHouNAAkc4Yt2zyUog8RVuaj%2FFZX37%2F%2B%2BAhrSSBRwrutLv5CQ%2FJCfW1oMRKP%2F3g6PM9gWP8cGx5Mx86tJF%2FKY%2FgA4a1hMwZrxaNRRcGLvIo9KlYFL9nakB5nEaRJ1ZDmYqQvV43dpVxuUdDBl3lNCFxNGH3eBKZdEe3Zv8LFQKZ7LmtDbAiutuZs8a2dhecqEIRnuP9nCopWeY7aCxKEQiVFQW9YLZ%2BEck%2FLxmebV2F2kHYG3wEzYWPHCqWaZvDdEDt%2Fb%2Fefw0J6R%2BO9pHIcXv6UCacCYAQ9C4clK4SGUgXT28uMHfv3OaH%2F4E0Lg9%2F4sUbHTwRPR4NIbi0gg3aRu2rmz%2BQxWSOscSi4WFs8jSj%2B7usKhDWF4A4xxjJ%2BK%2F%2F%2Br2rpcuYAIw%2BBWdkl967RoOgOGfyHg3vDHoO72dob79%2FOIVBWmFm3TRlqaofFjLoIg4eUvJ%2Fu0XNDHjbs4HRx2TcMKry4ymbUzegmuCyxPajgpjDTeYC9DvLd%2FO8Q65Hv1T%2FoDPeAT2ZD%2BWCfnsQ%3D%3D&nvMid=31067334975&catId=50002549,https://shopping-phinf.pstatic.net/main_3106733/31067334975.jpg?type=f140
에어렉스 에어렉스 ADH-550 산업용 업소용 대용량 제습기 85L,"638,000원",https://cr.shopping.naver.com/adcr.nhn?x=P3vetl8JUZ2kd1oOw03Bff%2F%2F%2Fw%3D%3Dsha2%2FJxC%2FFkE%2FX47jKzlx8pzwLoxTCHSG7bEMgWJeCgYUAEA2Llo9ayG2zM7qRWbT0P01ZdWO6qi0gnhhmha23ZfUEo%2FnDmRAjPt7eAflJlGeq0vs59kSQT9tFYzS2OKHgGwmPNX%2Fe%2BXkuZ30duRQYiNTg4vYVJt0qtKSwfXbvj5EpbHmM3c7ReCiUl6m0rielEEg14foG%2BVdAX0L7v1FZL6XAnXLARk5zGIwLaXvCWu%2F4M47N2TI%2BvKM8a1TSgaYnuzs%2F5Ts%2Fjdg4pqMIr9X4DPbuNejet9Mhup8bfLqQvIsOJoYhB0zmHkgM4%2FnGrdo93%2FaxHDu0ogjWi0pW%2FxfDef1dz4FwLyLlLHjNRU2Hk00xhDelscLW7CPL0XwJLcxZDmYqQvV43dpVxuUdDBl3lNCFxNGH3eBKZdEe3Zv8LFQKZ7LmtDbAiutuZs8a2dh2P4U4tbimiDNRRUwvnfIEse9j9TM33g7MivnAbc9%2BID2RQSDPssoM1fhjU%2BEJHT%2FznSO%2BFH%2BRBgI6D8hu%2F2vyEW3FXhBlHtQUjWJYiu6A8%2F1%2FFtUCVhSkx9RgVF9vpeHmG76YYjIJZfulmRhIbzzEFC2yOceKEYhhgh3jGyzJKQQT%2FhDi%2FIv0PKmRPIgwy7P4eET8z1ughE6PQyk0nyX1Vf6DR4wT%2B%2BTg76it4yKnnkhSECxNMJXl1g8cQyXTjP22ZVWCwxCaZyPHBegjD0iFoQcRz4q0TiBdimWr401tTzjXEF%2BNadvBR8DY0gqOAKfhWw3%2BIByOa0jCVNQVnCDoA%3D%3D&nvMid=31066530704&catId=50002549,https://shopping-phinf.pstatic.net/main_3106653/31066530704.jpg?type=f140
에어렉스 대용량 제습기 ADH-800 엠원,"1,257,210원",https://cr.shopping.naver.com/adcr.nhn?x=9D2%2Bhfh2Hlc%2F%2BllIkOTXA%2F%2F%2F%2Fw%3D%3DsrsnNbeS%2FeurG2Ru6fZ5Way3NZtAsB97chOqPgC%2FYmNo%2Fx930nc0dZV8cGDWLQnDCR0M1b2brqWTkZZAPIfk1a9TUQyE3BCT3FBr5xdcuZHNekg3Et%2FA0nIK2%2B7euGFgsw6ZjbtkbN7RD61dGUzg7G%2ByULazKkoBH7W7AB%2Bwczo7EhDrYFZtxOYKB%2BYQ%2FMDMCxxl%2FHouNAAkc4Yt2zyUog%2FhTk8qKAFTlWM9Fvojiy1l%2FYwb0Be%2FC%2B4u6Zy%2BBdWYzDWi6POXuh2u%2B2kOEP6e7Egqt4iqi4%2FkVk95C1TF%2FE13w1Lh14AV%2BJBi29uEKGzyRPn%2Fg5SVzsJc4a2xBEBwNL%2FY41RIZHGuDP1ujULEWCpSIiA%2FFj93n3kCFkTDx1LueqnW8UV%2Bl2LODePZb5OLgM5Nvrn3iEnIeWXi6tqEg4xjL2EJGN9kHqFqZKczYJblLA7wc4qLw5aGVqaBivfxxPDEwOHuhqHsv68TLfFqoJqt6K503jBTFiO%2BslOwbxo4O7uYmakK9%2BG4WXTP473oECUdDNW9m66lk5GWQDyH5NWt3Im1th3%2Fn6Lbn9die5Ota2npHSHhjGfnTDXqZIGzTqV1tloecOrg2vpCHLkpAfMWCZ4yB7kMhRzQPCO8guYuBcmOoTSTmQEeq98sCPhOB0q0qPYZXaJ%2FiFm4cCXPkHaGvbDawdVwKhKp7vABdKMOygqgOvq6z5EpEI5N2xav1Mg%3D%3D&nvMid=30716015397&catId=50002549,https://shopping-phinf.pstatic.net/main_3071601/30716015397.jpg?type=f140
산업용 제습기 업소용 공업용 85L 대용량 제습기,"638,000원",https://cr.shopping.naver.com/adcr.nhn?x=TYwoqPW2xySasagSoCZZ%2Bv%2F%2F%2Fw%3D%3DsLEVNZL5HI1H53GDa6Rv1XTNDO4TY8ORabxUhdPSA%2Bj0ijg%2BYKWjIWQpNBjWNeivAmxQX0JHadbTh9ePbvWmIaWN7dB7c4KP7urMP%2BDLVlpsl%2BDebqUiInckgcMhcipD7Q%2BD%2Fo9glb0ukJK6bM8miKOrBpKG6xzi43UPT3zaWqwD%2FIxp1Oh75GG67xk3peaS4ovoLRdTK%2Ffd2QkkdQClohY%2Fnj%2FVF2XeRwBKHuXlEZrfJrHFGbgfwdxgOLQHcHeJCZ9BPu5bC%2FF3Pycy%2BFcIoXdyJ0i7EHMODSGtHkrXEG3aTXZfRimBzv4nYtdOlicKFOgk%2BPk2a%2Fej14JAnnHEG2CDTlLyjhTwOWrg3VoZTMjWYLrOclZgMS0mY4GySoqhBNFWo%2Bt4FULO47wftalBptgO8HOKi8OWhlamgYr38cTw4KOanKtsQX4QsKmJ2agy2fMRYoh5IvyAIaSjSa4hcBAaX22E04kqBnuSmpmOrpZmu4TetHz7jlH4BqquDR45qHCCUs1VdAV7bjRggs%2B721tD9NWXVjuqotIJ4YZoWtt2t3wlzRPOCDjYRqBz9DWps1nXeM1bf8y61LpmPiuEf1OZzruPYwYNpJQhTYCgciG3awdMzeTKtOirgRjWC4eNvD2ivj03VZ3yEpKcw3eVjsCFmUH3d796nPi9G1%2Bj7dnfke%2FVP%2BgM94BPZkP5YJ%2Bex&nvMid=83889471771&catId=50002549,https://shopping-phinf.pstatic.net/main_8388947/83889471771.jpg?type=f140
산업용 제습기 업소용 공업용 65L 대용량 제습기,"478,000원",https://cr.shopping.naver.com/adcr.nhn?x=Wtb1slzh4hODH12rEy3lwP%2F%2F%2Fw%3D%3Dsg%2BT85QS1%2FpNu3b9p9AN5WNe%2F8XJgF1%2FE5KDAdiIUwOoUAEA2Llo9ayG2zM7qRWbT0P01ZdWO6qi0gnhhmha23ShVXGzhTANh7CbCTzEjfXsmCkvSRyP5imfCRkcVQ8GIgGwmPNX%2Fe%2BXkuZ30duRQYiNTg4vYVJt0qtKSwfXbvj5EpbHmM3c7ReCiUl6m0rielEEg14foG%2BVdAX0L7v1FZKXI5HfY0b7Q8Wjf37Z%2BgGvFSIVE2KtidcBeF3Cg9gDlpDgN2WrXhv2PHiscF9RNDZa07iquI29ednjLV1Fubg9aQIdcGwEKHhzroTDMFb1FYC3EHGztp%2F70eeRQVRroPCbZi6drar0hK3C%2ByTEAsQaeucR9aHPpo1C8k4rg8GfVsywv2ZLhBSXI8WdMvtLFctXYXaQdgbfATNhY8cKpZpm%2FsKdXQauXcsiQvfStFM5qimQb6nXaZn1q4SHYt9E5b%2B1ZV%2BgN0RrcKuiFQNCeyYgn%2F1n%2BKwu5QIvtYZXn8VZFL%2FXcOzDnPZdlD51hDpaHOSknuxb2xvPSZUaXrmWD4oGozwDNJeRy%2F2YA0KH0SpgH8XoczOZuxoR7x4Apvpmx9T1cz068bJRyD7Mw%2F1WHvv7pZISPhuhGHTirGojV86klaA1sQ9H6VRanIaZk0TzTkmLCmt%2BpvJQRyg%2FjdhCgmIYOEsHC78VBLnFZh%2FnDobeN&nvMid=83889450308&catId=50002549,https://shopping-phinf.pstatic.net/main_8388945/83889450308.jpg?type=f140
에어렉스 업소용 산업용 대용량 제습기 ADH-550 R,"680,000원",https://cr.shopping.naver.com/adcr.nhn?x=rtoGa%2FMPxAwxJzaFZbVs2f%2F%2F%2Fw%3D%3DsbV%2Fd5RnW%2BKFkkv7EXX1uLSWxvgqxAE6cYK6oKYITJSwUAEA2Llo9ayG2zM7qRWbT0P01ZdWO6qi0gnhhmha23Q4xSFdZP%2BS6rr5JBaoZlIJARtrYw7lTz0NgpS6A9RN%2FgGwmPNX%2Fe%2BXkuZ30duRQYiNTg4vYVJt0qtKSwfXbvj5EpbHmM3c7ReCiUl6m0rielEEg14foG%2BVdAX0L7v1FZL6XAnXLARk5zGIwLaXvCWuONRVVuChaKXxWkPW4r71oaswV1j27V3%2FpfaVROe9sPgcgMGAejcp5tGcw4UPiGRFe0jnoHBmzIB4NKDSMWoOck12X0Ypgc7%2BJ2LXTpYnChToJPj5Nmv3o9eCQJ5xxBtgg05S8o4U8Dlq4N1aGUzI1Tm8JapK4xT38ny9w2ukx4N56e8FhialbFpMXVc68wrF%2FPlNxCbqEhFxFIpXOSFfsvMG4zWPRf63vXe5O%2B3KVaLqb1BRNr%2FpGK3FdQBZynWdFyJg1hdNljydVS8mxh9ENza5xsxh%2BKRjncEGNx4PZZGDdOc%2FQp2tQOV7ZBKFkNVHgeJTMpCTTZjaofoR%2FP%2Bl4N58T2cHxnkL60jYeM5d4vcUf7uYgOieETfIoWcW1G88ugiDh5S8n%2B7Rc0MeNuzgdlKhhgbD%2FYxlzjBz0VdDMojBCM7309NyR97xgbytyo2bke%2FVP%2BgM94BPZkP5YJ%2Bex&nvMid=27158328647&catId=50002549,https://shopping-phinf.pstatic.net/main_2715832/27158328647.jpg?type=f140
에어렉스 가정용 업소용 대용량 제습기 65L ADH-350,"478,000원",https://cr.shopping.naver.com/adcr.nhn?x=ODbO3qTz508YuCmw3dLU%2Ff%2F%2F%2Fw%3D%3DsUAXq05AKXsg1FoDUSVJ54vEBWLrGNMpVgF5ySU4sv1Yijg%2BYKWjIWQpNBjWNeivAmxQX0JHadbTh9ePbvWmIaaiyr4Ts%2FB7xJHvJM%2BjyfoIPXbNEQ3GWrPhCfHskGBp5Q%2BD%2Fo9glb0ukJK6bM8miKOrBpKG6xzi43UPT3zaWqwD%2FIxp1Oh75GG67xk3peaS4ovoLRdTK%2Ffd2QkkdQClohY%2Fnj%2FVF2XeRwBKHuXlEZrfJrHFGbgfwdxgOLQHcHeJCZ9BPu5bC%2FF3Pycy%2BFcIoXZnNNPBduMYReUr0I6tvkLqTXZfRimBzv4nYtdOlicKFOgk%2BPk2a%2Fej14JAnnHEG2CDTlLyjhTwOWrg3VoZTMjXJulXSxVYM%2FwrCD3Xhxl54OfFgoRDy2sG2dTzP9HlwBQO8HOKi8OWhlamgYr38cTyOsY2Md4Yy%2Bbt7seSzWzHIbgl%2B6nysN7iylSTy%2BxBAoVZHXvV1w3UHXAnVnGRfh7xdYLAwTeGm%2FZcCZbWmbsScEdr0awxLuurrwhGqkKPkCYsnAgkS6TLhAsTxCJXjxNMmf1q633P0UbmeZ4yZJm4hiWMcYcklQ5MoCNlF%2F%2BnYO%2B9glkzbsvIlLPRGKrj0i3ng%2FR2CUwuQEFlTV2XsydKvxzwruxx5W%2BmCIewAM%2B19aByY57hsS7qw%2BaalzKcYUtlXc50eBITwugSNPH3Ok09sVpGw61BSdoQRvEGgfFlc5w%3D%3D&nvMid=82485175534&catId=50002549,https://shopping-phinf.pstatic.net/main_8248517/82485175534.jpg?type=f140
에어렉스 65L 대용량 공기청정 제습기 ADH-350,"478,000원",https://cr.shopping.naver.com/adcr.nhn?x=1EC2N4yi2xMe0Vf%2BFagMs%2F%2F%2F%2Fw%3D%3DsIIpqrrOf9PIdtCD9Ae99TSFtMQVIxQRK9E9uT9LbVPUUAEA2Llo9ayG2zM7qRWbT0P01ZdWO6qi0gnhhmha23RPif7zqZO2g84lPt7DZ7y2nO7Zf4uwqNeBCHHamTV9AgGwmPNX%2Fe%2BXkuZ30duRQYiNTg4vYVJt0qtKSwfXbvj5EpbHmM3c7ReCiUl6m0rielEEg14foG%2BVdAX0L7v1FZKXI5HfY0b7Q8Wjf37Z%2BgGvFSIVE2KtidcBeF3Cg9gDlpDgN2WrXhv2PHiscF9RNDYLjqqq5eaKSuOUOu14O3dVaQIdcGwEKHhzroTDMFb1FYC3EHGztp%2F70eeRQVRroPCbZi6drar0hK3C%2ByTEAsQYGAzIK2FCDjnRKRdwA9EcO8%2FjEk%2F2BdP92fy5zqzaB4NXYXaQdgbfATNhY8cKpZpnRWyjAfci1W9v%2B2AUwXYsnhxe%2FpQJpwJgBD0LhyUrhIbn5FYDYGrXPLwEyznk5gte38xl%2FJvof5jwHTFbvtiC%2B%2FcHYJazdtKl5f8zzdl50Lp%2BawqFhpsOZNgnEFzP%2B2PGHNDD1RIpmAL%2F8SaMxTOGuR54eNkoeuW7hbwFB4gi0CSQaPzg1pbrqSGtpl26Uw6GlnlbXLtd77V6PteaTNKUEEJAkNgXOY%2FECpbCX3w5FXG9TZjqEQTAbFzUBl8432wvhVEAf6wwM5tqtSh0bB5Hx&nvMid=83960947918&catId=50002549,https://shopping-phinf.pstatic.net/main_8396094/83960947918.jpg?type=f140
당일발송 에어렉스 대용량 제습기 ADH-800,"1,430,000원",https://cr.shopping.naver.com/adcr.nhn?x=NNG3jr%2FZUL31L39cKn749f%2F%2F%2Fw%3D%3Ds3aP2sqr7mnBrFOXEbxRKzXNXGr2Zttc%2BzoYdlvOvZDk%2Fx930nc0dZV8cGDWLQnDCR0M1b2brqWTkZZAPIfk1a2mRAm9XxqsmV5DpwL9nL8D%2FljIagrIz71u%2B8fVCLvcgw6ZjbtkbN7RD61dGUzg7G%2ByULazKkoBH7W7AB%2Bwczo7EhDrYFZtxOYKB%2BYQ%2FMDMCxxl%2FHouNAAkc4Yt2zyUog8RVuaj%2FFZX37%2F%2B%2BAhrSSBQcI1qWLzYC44htB4Tc%2FK%2B2UxxvXtLAP3gXj6IvhZQZFoMFKjFV3rPOK%2BdcjzY6ojrvKlD%2BBCy5fu6LgXVvnZqyyedu74Si%2BtGOkUw1E6ElQ5PHHOfZtQTnoqNoOLHocoDcMXKkGIkGznZUqUc%2FpH%2F8WkCHXBsBCh4c66EwzBW9RWAtxBxs7af%2B9HnkUFUa6Dwm2Yuna2q9IStwvskxALEGbEo1WJtynKZaGmlA%2Fm2QOIakL8Jkf6pU9I0LjWzj68KdoJtCxkGLtcs2kh6GVyjfavPcRh5dimMc3aLKvC7fITH%2FF8T2TEXi%2BGj9EtJAWHdmVzJ1B2rPfTShp776QWO0X2CSVCmV0CiL33ugAc3bZV02rzs300wVo6K6YyewbU1E6LQ0BCr0%2FAb0%2Fm7SILKet5BvnYxYvgalw0%2F9j4RD4bk9yx2LE4ozzid%2FD5Tsgrp09KL0dal7rn%2BAR4r90CCTSe7Q1kGTugdk2fS%2B0SwJzW9TZjqEQTAbFzUBl8432wvhVEAf6wwM5tqtSh0bB5Hx&nvMid=31026462839&catId=50002549,https://shopping-phinf.pstatic.net/main_3102646/31026462839.jpg?type=f140
아쎈 에어렉스 대용량 제습기 65L AT-70B,"539,030원",https://cr.shopping.naver.com/adcr.nhn?x=AcFSDdYRXJx5zZlBeZ3nnf%2F%2F%2Fw%3D%3DsdwzvcyhkiS6xm0L%2Bc6j8YjJWOeGKFHgR9emy9p2Hf8kijg%2BYKWjIWQpNBjWNeivAmxQX0JHadbTh9ePbvWmIaYkYcBvEL36bfnWCSm%2BwxWi%2BCXaxLkeJOCNxSMcGKtxmQ%2BD%2Fo9glb0ukJK6bM8miKOrBpKG6xzi43UPT3zaWqwD%2FIxp1Oh75GG67xk3peaS4ovoLRdTK%2Ffd2QkkdQClohZdjMUchg8LC70DgsfEjdA4I2x%2Fu7DYM1XWsLoQNq4IhaHAkRhFg%2FFvjFAx9q0I4abqvqyQ%2BAXugNTewsSGnSmD%2B4qDy817re8R04gZsunafZDmYqQvV43dpVxuUdDBl3lNCFxNGH3eBKZdEe3Zv8LFQKZ7LmtDbAiutuZs8a2dhvSxwdNeRX7gH0mGUgcZjmDFXXfMlCLUr2lKJopHKNreqv3lyWfoZIIpsbVB4l26%2FuoBwp%2FHlQ9aFsEDg9csEg%2Bq8VOTw83HhW7uQag4zgh6%2BJEQX9bWtzdjalM1Af57s0P01ZdWO6qi0gnhhmha23VLh2WqsqrDgsSvPYAiVswBd54gBsCLReUJLIGwI31vSHr%2FYvSm5MuwEB00W3L74vavtUBvfoSsQPvEM6ZWUZTr9IhnwXJb3d9Y22SSy3nPAVZMnR%2Flirq0yLNrL5U4MRwN%2BQsjK6V0FLd%2Fybx7qcubNSE3OzZUT76KyqzckASmm&nvMid=30483780291&catId=50002549,https://shopping-phinf.pstatic.net/main_3048378/30483780291.1.jpg?type=f140
에어렉스 ADH-700T 에어렉스 대용량 산업용제습기 79L자연배수,"858,000원",https://cr.shopping.naver.com/adcr.nhn?x=esKZb0kJoMLq4JgbmFDGVf%2F%2F%2Fw%3D%3DsVU2v036YW7i6I7uPeIsuskxga2miYdYSZvw8IiDLzksijg%2BYKWjIWQpNBjWNeivAmxQX0JHadbTh9ePbvWmIaVfUEnWB3SJDcxo%2FlYqC4UoianNHWIgbdAc%2BFpSn3IR1Q%2BD%2Fo9glb0ukJK6bM8miKOrBpKG6xzi43UPT3zaWqwD%2FIxp1Oh75GG67xk3peaS4ovoLRdTK%2Ffd2QkkdQClohZdjMUchg8LC70DgsfEjdA4I2x%2Fu7DYM1XWsLoQNq4IhaHAkRhFg%2FFvjFAx9q0I4af155b2H4hfzmXwMUHSoLEVhDc%2B8VkhU9lmbOumqYP7yZDmYqQvV43dpVxuUdDBl3lNCFxNGH3eBKZdEe3Zv8LFQKZ7LmtDbAiutuZs8a2dhPJjUUKvFau2sSQsc5yHd6DFXXfMlCLUr2lKJopHKNrfh3NR5ocpOxzNGpIqKeoKNu5mUKr9ySKw4uV4rmKpUBk4pGZWlhtT1qWEryKdLezikxqgpCpZUOhXep3EAVcvUJT0ZoT3ub6dZ3IymfidA2oyS3i%2BZT%2FXSxtnKZ%2BfPFYQTJ2W1B23J5ZP2Tzb1%2FAPqfUqYynrcF22iiiPtN1Lmhg4w25QkftKVM3GYe5EL0nQDpcgHbvQiqNVAuaQnnUWKLoIg4eUvJ%2Fu0XNDHjbs4HRoX%2Bde7kigzq9Bkoit0PXuXXMwlfdc2xeeiU9LYqGy85Hv1T%2FoDPeAT2ZD%2BWCfnsQ%3D%3D&nvMid=27316513490&catId=50002549,https://shopping-phinf.pstatic.net/main_2731651/27316513490.1.jpg?type=f140
에어렉스 ADH-700T 에어렉스 대용량 산업용제습기 79L자연배수,"858,000원",https://cr.shopping.naver.com/adcr.nhn?x=54ipEe9aOAXJ9gaf%2F0AUvP%2F%2F%2Fw%3D%3DsFxSthfvhyVnuFRt8Vw7ZOgbAo%2Bzkrj2lS4QgLUqMX7c%2Fx930nc0dZV8cGDWLQnDCR0M1b2brqWTkZZAPIfk1a6KU8XpwDcBge8wUYOHCxrgSZzctOIVKb8XxJV%2BH7iPew6ZjbtkbN7RD61dGUzg7G%2ByULazKkoBH7W7AB%2Bwczo7EhDrYFZtxOYKB%2BYQ%2FMDMCxxl%2FHouNAAkc4Yt2zyUog8RVuaj%2FFZX37%2F%2B%2BAhrSSBQcI1qWLzYC44htB4Tc%2FK%2B2UxxvXtLAP3gXj6IvhZQZFoMFKjFV3rPOK%2BdcjzY6ojrvKlD%2BBCy5fu6LgXVvnZqyN4p1I2p9vIvC7nd0QzV7gLNZ7mvnd339eP10aocnpGzaFK46Y%2FXR%2Bqfyrq60jCirVuzTzfjfbM3EC%2B%2FxgSP6%2FIkfK4TsQ3d%2BW6HqrvY3puOj63CCBptzTXrp1eaolhZQ152%2B5qPcvdAEI6ReyPtMrU%2BVVvzBkgZKdASh8RxWJwfh3NR5ocpOxzNGpIqKeoKNaUBNXfSWPqyA0WREo%2B%2BxT04pGZWlhtT1qWEryKdLezikxqgpCpZUOhXep3EAVcvUJT0ZoT3ub6dZ3IymfidA2oyS3i%2BZT%2FXSxtnKZ%2BfPFYQTJ2W1B23J5ZP2Tzb1%2FAPqfUqYynrcF22iiiPtN1LmhnQ%2Btw%2FuWvTd%2FxWeha3GC1LKV%2B7r2MIURbfOBdqZsDGzLoIg4eUvJ%2Fu0XNDHjbs4HYIKL00M9%2BJ%2Bgydb%2BRxU5b%2BXXMwlfdc2xeeiU9LYqGy85Hv1T%2FoDPeAT2ZD%2BWCfnsQ%3D%3D&nvMid=27316558924&catId=50002549,https://shopping-phinf.pstatic.net/main_2731655/27316558924.1.jpg?type=f140
에어렉스 대용량 제습기 ADH-550 85L 제습 창고 매장 식당 사무실,"638,000원",https://cr.shopping.naver.com/adcr.nhn?x=HZe0F%2FveAfFTTRRt86UgFf%2F%2F%2Fw%3D%3DsftceLCxSCHnXr1F4ymgvoIzhJD3j5o%2FxG9Nzh2UtjckUAEA2Llo9ayG2zM7qRWbT0P01ZdWO6qi0gnhhmha23Tk%2BG0xBycTEFVnKd%2FhOPdHHblkSntnC4DGPAIKpCYSogGwmPNX%2Fe%2BXkuZ30duRQYiNTg4vYVJt0qtKSwfXbvj5EpbHmM3c7ReCiUl6m0rielEEg14foG%2BVdAX0L7v1FZKXI5HfY0b7Q8Wjf37Z%2BgGvFSIVE2KtidcBeF3Cg9gDlpDgN2WrXhv2PHiscF9RNDQUYkLy%2Bi2iAp%2BQP3WxCJShaQIdcGwEKHhzroTDMFb1FYC3EHGztp%2F70eeRQVRroPCbZi6drar0hK3C%2ByTEAsQaqt%2FCf8K5n97P9AMxTBqwUkITpJMJBHROZfrxhf7yXI9XYXaQdgbfATNhY8cKpZpmSQS7WuJpEbYbUxhw0QbUmhxe%2FpQJpwJgBD0LhyUrhIbqZbfjf7xmTJPV3o8wuNhNoBKU7AF7i5jEw8t8pA7XRoF0N3B5%2FqZOG3%2BpMrcpVuZpn2qM1BlysDunkNbq14ubPSm2rRgIfUTWtnLGUuSHmROi0NAQq9PwG9P5u0iCyns9IsjLgFap6FMsI%2BWOddeu5PcsdixOKM84nfw%2BU7IK6yfg36WyJiKZhOuizgK4bAFm8KlPH227a1rmUGYQ%2F399gaHzCel3xdSd%2FqX1e4nthaGimR4pR27mrh1IoDTOSgA%3D%3D&nvMid=83126406854&catId=50002549,https://shopping-phinf.pstatic.net/main_8312640/83126406854.jpg?type=f140
에어렉스 에어렉스 업소용 산업용 가정용 대용량제습기 ADH-350,"484,000원",https://cr.shopping.naver.com/adcr.nhn?x=yAcd4sfFSI%2BcpBcxFgewyf%2F%2F%2Fw%3D%3DsQGyiEECEV8K6ZI5fv9gGGclwdEMz3RYa7vsWtev9obEijg%2BYKWjIWQpNBjWNeivAmxQX0JHadbTh9ePbvWmIaVKcSK7O5WgmQSADcpc2x0TOr3yzXLMpD36wKkC6rukxQ%2BD%2Fo9glb0ukJK6bM8miKOrBpKG6xzi43UPT3zaWqwD%2FIxp1Oh75GG67xk3peaS4ovoLRdTK%2Ffd2QkkdQClohZdjMUchg8LC70DgsfEjdA7Feh8CE3lT1TklUQyGbTllnSG3YOT1ypRVPdajl0hcJ7%2FgHj3rvsSE8AZGpHjbW%2FqroNGRLgGdplcjFjG%2BgRDS2cl6eQxw251LIeqTxuRwNtB8Y6H2o98yIHzRWCu9Nzr108YYjm3zRp%2FMGx%2BUX5IaDYwNi%2BV7qQDg2DiJzia7NbPUUcH%2BHOCAaIUOY1rwzOHzBVYjErfYJS0KjSSgX9y5voso159zlI5b2%2FFPNBO5fxaKg2qxlQafCYo5SWc4IpCUrW3oQ4QaMP5PmJ2k5XCU2GMRwzDknas2jwUcmFj%2F6YNbDzEN1wfm9wB3rNXZhyOcsXPUDtK3cINEyQ75xbBXDddTuHAmMHqiyC%2B2BuxJfX90ppVQYYvlITnSAg8OjY3HdV3Sk%2Bydrn6QJ5%2BHOUcnsNCG3iALQls5QvmKY7zk9KO5HvUvPwh9oYTHfWiFm%2BsALX2zdJNSfsISi8hyLry7g64ApXpFcbUizTdcku%2BIF%2B7yq58ylKgOLNsiJWLOkjsVH%2BjsR1BhDlSvsl25dognqhRnU1dLvy0rzJIu%2BdbaLAau4fTwOUqyF63FjwpQRls%3D&nvMid=31163040618&catId=50002549,https://shopping-phinf.pstatic.net/main_3116304/31163040618.jpg?type=f140
에어렉스 에어렉스 업소용 산업용 가정용 대용량제습기 ADH-350,"484,000원",https://cr.shopping.naver.com/adcr.nhn?x=0vHJHR6WRKkqoVCbdrcKkv%2F%2F%2Fw%3D%3DsTEYEJiZ%2B9SuRm2Ffta2vWTM2TolyjeQ8Js62RxzUfsA%2Fx930nc0dZV8cGDWLQnDCR0M1b2brqWTkZZAPIfk1a7RGli%2FhdjPEc9D%2BcE%2BQ%2FwsUv01CL3ML8A5hW9AcpM6aw6ZjbtkbN7RD61dGUzg7G%2ByULazKkoBH7W7AB%2Bwczo7EhDrYFZtxOYKB%2BYQ%2FMDMCxxl%2FHouNAAkc4Yt2zyUog0Ra8ItvJCOFBh9NPjaorwfDR4GspaPKDiw%2FqEpToMENAh0DTS47%2F1G2OEy2RK4eOlDnaUZQzke65eWpVRb4De92k1hfsyNbKvg%2BuY%2Bxq99gfElFATEJTbrkj526aY46eOsiZw2Ih5dpmK67iSUlza9kL5JdTHDItRySe25wAAG1%2BTIKng61XxdBZME6yOhrqse9j9TM33g7MivnAbc9%2BIC3a4YL971jwwhYlvvqYQI6eF%2BOsHFEJpad4BkIxuUUnEW3FXhBlHtQUjWJYiu6A8%2F1%2FFtUCVhSkx9RgVF9vpeHs8uqTeRtZypSJtVD8dWtS5%2BoPOV9Gpt3R4P4OVRObfyxJ6TzwiNfeSSb3LV9K1e1s3BTJhigkOnfsY0GqndkNHdMNcgztoMa7c8tdxLZ92ySVm134ncb8DEwlVfReky5LoIg4eUvJ%2Fu0XNDHjbs4HZ6LpamC0TTYrU5Slf%2BgYsb7mJLUSz8PpGCojWTe3DEl5Hv1T%2FoDPeAT2ZD%2BWCfnsQ%3D%3D&nvMid=31162815342&catId=50002549,https://shopping-phinf.pstatic.net/main_3116281/31162815342.jpg?type=f140
에어렉스 업소용 대용량 산업용 제습기 ADH-700T,"858,000원",https://cr.shopping.naver.com/adcr.nhn?x=KH1f8KJx6yVnOyKqA0qIDv%2F%2F%2Fw%3D%3DsK95PoH1NSRhHo6N%2BrLSjjCfiDwqaiIKiLk1Eoo7jD3o%2Fx930nc0dZV8cGDWLQnDCR0M1b2brqWTkZZAPIfk1a%2BfGyODg3EgPtEkx83Bj66alI2Ovau%2BgWd6MSB%2F40HGEw6ZjbtkbN7RD61dGUzg7G%2ByULazKkoBH7W7AB%2Bwczo7EhDrYFZtxOYKB%2BYQ%2FMDMCxxl%2FHouNAAkc4Yt2zyUog0Ra8ItvJCOFBh9NPjaorwfDR4GspaPKDiw%2FqEpToMENAh0DTS47%2F1G2OEy2RK4eOhM25hdTM2w2ddOpmKhLJGVu%2FzvdOcrYgMefkL%2BFEH7ufElFATEJTbrkj526aY46eOsiZw2Ih5dpmK67iSUlza9kL5JdTHDItRySe25wAAG1UOZz%2FzSputjle%2FFpwz5y3se9j9TM33g7MivnAbc9%2BIDB3hdl6i8hfr%2BBeqDbud9og8wRqmm%2FZtlOGppX%2BpK%2BB0W3FXhBlHtQUjWJYiu6A89IJgj1g6tR3ZfAisg6QXNUUunV6%2B3Zl0%2BQNiArOPVHIlfM1JGh9nLr5f%2BWTjj1rtJccX3ZVSKGeITxB8EC7W8csdRDExGGuR4wyTyDEQ7dd6YuWZURS0zObfpxvnTgMBnZlVYLDEJpnI8cF6CMPSIWECah3aYLtCJPgINJs7z1QPti5ZvskcXeYFE1TTtPaOeFbDf4gHI5rSMJU1BWcIOg&nvMid=31357675150&catId=50002549,https://shopping-phinf.pstatic.net/main_3135767/31357675150.jpg?type=f140
에어렉스 업소용 대용량 산업용 제습기 ADH-1100,"1,485,000원",https://cr.shopping.naver.com/adcr.nhn?x=xVaP%2BkWLM3hnKZz2TrMgxv%2F%2F%2Fw%3D%3Ds1rTqPUQF6lH%2BPGSzHVG0d%2FZgkCipDuZ0kHMbM4yDeP4UAEA2Llo9ayG2zM7qRWbT0P01ZdWO6qi0gnhhmha23Y4MHskPMOA%2BRubt%2B%2BFqz6wZe%2F7RIwF7Itwcs1L0Y08cgGwmPNX%2Fe%2BXkuZ30duRQYiNTg4vYVJt0qtKSwfXbvj5EpbHmM3c7ReCiUl6m0rielEEg14foG%2BVdAX0L7v1FZDm8FB%2Bu%2F5ZypbkipPYg5OGk6cW36BwA3XnN4pJNblkCdLXDQhT5Fkuxc8gmUo5CCaUYy144fAFhYqAc2T2%2BVOOTfJko%2F1mk8ny0rfa6ub18Z%2F8pbNmYrfHLLXhAGtFyQlWWPLcIe1YwU5R%2FUpo92xr86KZKjVT%2FdJhRTPDVTzo68aZsHY6IaBGU4eFdPk%2BJoDFTIQfeZK%2FbagYa3FYad69F6GGXYbzjJ%2FJ6DWk9LjMj%2FXRQLWRv%2B2Lz8kHlzsDHIgD8Zayht286cgC5HQhFyNouYks0MNTNeuER4gMl%2Bf4UEnc8kK2QGkO4qZUhNjBoMc8UrUeTb9QG4jOHJpWKJfWyhMG6GW0lOnZ89KvBjncEgaQcgCkZRu4jE%2F9VyhNuQQ7m6cUvG3XNiviM4GgdSPg1q0rVRKLSc7FzegU6mMEpN%2F%2FBRnO5wSzkc3FviLWBg6itVPTIwbsSX5aJcDGEXJWCqA6%2BrrPkSkQjk3bFq%2FUy&nvMid=31357602967&catId=50002549,https://shopping-phinf.pstatic.net/main_3135760/31357602967.jpg?type=f140
에어렉스 업소용 대용량 산업용 제습기 ADH-700P,"957,000원",https://cr.shopping.naver.com/adcr.nhn?x=fO%2BDaDND6p0HIw5%2FmLryAP%2F%2F%2Fw%3D%3DscYPUd2SgAzEE8UFQRyh%2BI2A8mI0tcVdaCsknn54FzL8UAEA2Llo9ayG2zM7qRWbT0P01ZdWO6qi0gnhhmha23bmgWh0x36e3xBaNeLiCpETZQqwvapCnIGiwXVeHX9q7gGwmPNX%2Fe%2BXkuZ30duRQYiNTg4vYVJt0qtKSwfXbvj5EpbHmM3c7ReCiUl6m0rielEEg14foG%2BVdAX0L7v1FZDm8FB%2Bu%2F5ZypbkipPYg5OGk6cW36BwA3XnN4pJNblkCdLXDQhT5Fkuxc8gmUo5CCctK%2BoFgTft2gyNqcN5ltlqTfJko%2F1mk8ny0rfa6ub18Z%2F8pbNmYrfHLLXhAGtFyQlWWPLcIe1YwU5R%2FUpo92xozEHCCuzjz9gXFXPHvSyqRBxWXhzCX5gFuTPqXHSrCNTFTIQfeZK%2FbagYa3FYad6839ivw%2FY9YrjWeLAo69Z8r8y58lOTegkPnWmwm56%2FxqgD8Zayht286cgC5HQhFyNouYks0MNTNeuER4gMl%2Bf4UEnc8kK2QGkO4qZUhNjBoMVbu%2FUzkYtK3TdkGqTkPgUHlkd66cf5h5T7hV16SiBqyvO10cBUOswuwhPt8tAW2hzTb60GA8nTSKfN3WmmdcQjifMrCQW2UZ6VNG2kv7b80WGTebOBRSSlqITmMsz872wMk8JP4PcHf%2Frp9o6cW3t8dHI8FZtQVGFZJxOyBDKc%2B&nvMid=31357516016&catId=50002549,https://shopping-phinf.pstatic.net/main_3135751/31357516016.jpg?type=f140
에어렉스 업소용 대용량 산업용 제습기 ADH-2900,"2,695,000원",https://cr.shopping.naver.com/adcr.nhn?x=VDF92zD8RdnQw2JZc%2FP86%2F%2F%2F%2Fw%3D%3DsFHK892c1P0qWN6uQbt3orOAjjslhV8EWgIMbgk1QswQUAEA2Llo9ayG2zM7qRWbT0P01ZdWO6qi0gnhhmha23dQYkdbpg6pUOwR8%2Fikv1gWDUcH5wxNMYoOeupMcxVNygGwmPNX%2Fe%2BXkuZ30duRQYiNTg4vYVJt0qtKSwfXbvj5EpbHmM3c7ReCiUl6m0rielEEg14foG%2BVdAX0L7v1FZL6XAnXLARk5zGIwLaXvCWu%2F4M47N2TI%2BvKM8a1TSgaYnuzs%2F5Ts%2Fjdg4pqMIr9X4DPbuNejet9Mhup8bfLqQvIsOJoYhB0zmHkgM4%2FnGrdoNaTw7ILVnsAK%2BrxAFBYgwef1dz4FwLyLlLHjNRU2Hk00xhDelscLW7CPL0XwJLcxZDmYqQvV43dpVxuUdDBl3lNCFxNGH3eBKZdEe3Zv8LFQKZ7LmtDbAiutuZs8a2dhNYarFrgnpBvx1pDo5Un5Ece9j9TM33g7MivnAbc9%2BIDbc%2FFKlrSrCK0btOuLQqL6TDNtUwZUL6Okuc2JenVHEEW3FXhBlHtQUjWJYiu6A89IJgj1g6tR3ZfAisg6QXNUUunV6%2B3Zl0%2BQNiArOPVHIlfM1JGh9nLr5f%2BWTjj1rtLlVAbpXTavRV3u18WjgimCDb2GAwMOvg4ExiIfKu1ABL4Sun7qneOUvxUPUYcKg5YaIbT4wPT2RVq4kndhIVrUBHjQ%2F7bzvd8uWhlKHta3de7ZLjfIgOGDLjeptj03TIUOEsHC78VBLnFZh%2FnDobeN&nvMid=31356244778&catId=50002549,https://shopping-phinf.pstatic.net/main_3135624/31356244778.jpg?type=f140
에어렉스 업소용 대용량 산업용 제습기 ADH-700P,"957,000원",https://cr.shopping.naver.com/adcr.nhn?x=qwr9xa%2BGp4GLHq65h9%2B5Lv%2F%2F%2Fw%3D%3DsV5KoqINTA%2FCMa8pVaEVcQBgUiY%2FnJsa6HvRaEwj5%2BtM%2Fx930nc0dZV8cGDWLQnDCR0M1b2brqWTkZZAPIfk1a3QTdUpR9M5uzHC6zW%2BiLFuMYlCqb0wchTqlGh96echkw6ZjbtkbN7RD61dGUzg7G%2ByULazKkoBH7W7AB%2Bwczo7EhDrYFZtxOYKB%2BYQ%2FMDMCxxl%2FHouNAAkc4Yt2zyUog8RVuaj%2FFZX37%2F%2B%2BAhrSSBQcI1qWLzYC44htB4Tc%2FK%2B2UxxvXtLAP3gXj6IvhZQZFoMFKjFV3rPOK%2BdcjzY6ojrvKlD%2BBCy5fu6LgXVvnZqyf8ZswSOYU3hTBPo31%2BTrLbNZ7mvnd339eP10aocnpGzaFK46Y%2FXR%2Bqfyrq60jCirVuzTzfjfbM3EC%2B%2FxgSP6%2FIkfK4TsQ3d%2BW6HqrvY3puOj63CCBptzTXrp1eaolhZQO2vP0yaYXmJsLZ%2BdV4Wdd0%2BVVvzBkgZKdASh8RxWJweDE6AXvm5pQO1RRJa%2BJOF%2BNc%2FEYXBuP8OGwiTsT60sZk4pGZWlhtT1qWEryKdLezgN11O4cCYweqLIL7YG7El96%2BYj0OZWE07Msm6LXpCShGucwiylbp2j2XypNu6WrikV4ui4fwQYvRsWZLZOPuoBWd9LKHkO0Tym8kRQEuwQFZNEykjfQICMX2UHmp%2FF%2F0jL07boOLwoxL6IajskM%2BfZx7gsbSbaJM29Brx5MeBKElYHNY2Q5UX%2BvovQjwFXoAzLVWGr8fvvH1mWvUgXPK6j&nvMid=31356175554&catId=50002549,https://shopping-phinf.pstatic.net/main_3135617/31356175554.jpg?type=f140
에어렉스 업소용 대용량 산업용 제습기 ADH-1800,"1,870,000원",https://cr.shopping.naver.com/adcr.nhn?x=KlwvPl3on31RfD9FKdrBJP%2F%2F%2Fw%3D%3Ds1YaxK8BGRF0W8nJbttZPSLCvFhBpR%2FUw%2BP%2BqSKc4sT4%2Fx930nc0dZV8cGDWLQnDCR0M1b2brqWTkZZAPIfk1a%2FAxnzXILOQyDifvvQk1hNEWwHPii9ccPusO7fti4ElZw6ZjbtkbN7RD61dGUzg7G%2ByULazKkoBH7W7AB%2Bwczo7EhDrYFZtxOYKB%2BYQ%2FMDMCxxl%2FHouNAAkc4Yt2zyUog8RVuaj%2FFZX37%2F%2B%2BAhrSSBQcI1qWLzYC44htB4Tc%2FK%2B2UxxvXtLAP3gXj6IvhZQZFoMFKjFV3rPOK%2BdcjzY6ojrvKlD%2BBCy5fu6LgXVvnZqyHEicHfOrf%2BUuFB865XbNbbNZ7mvnd339eP10aocnpGzaFK46Y%2FXR%2Bqfyrq60jCirVuzTzfjfbM3EC%2B%2FxgSP6%2FIkfK4TsQ3d%2BW6HqrvY3puOj63CCBptzTXrp1eaolhZQGLFfE8t%2BFSzPbn9f%2BdTUwk%2BVVvzBkgZKdASh8RxWJweDE6AXvm5pQO1RRJa%2BJOF%2BTt29OQpoCChiz%2BcQvTRYnE4pGZWlhtT1qWEryKdLezgN11O4cCYweqLIL7YG7El96%2BYj0OZWE07Msm6LXpCShGucwiylbp2j2XypNu6WrilCuKY6AuKdOlNmTrczMjbOvtTs3%2FQQH%2FCWQxAdyQzw4gxEc5Ho5pz0Eo5fFWfvXsh8CXl251OpmWizflz2KEWczV1SjdQFGjWrcMCbAHyN36zzDLKyR%2FvW00pOrJ6GXMdoaKZHilHbuauHUigNM5KA&nvMid=31356256695&catId=50002549,https://shopping-phinf.pstatic.net/main_3135625/31356256695.jpg?type=f140
에어렉스 업소용 대용량 산업용 제습기 ADH-600T,"693,000원",https://cr.shopping.naver.com/adcr.nhn?x=ZnHKyVRsSEqQSTaJ3AVZO%2F%2F%2F%2Fw%3D%3DsSyBdsQB0glp84SwNa8tqEn9ReeMI3MNY%2Fhyuem19UDw%2Fx930nc0dZV8cGDWLQnDCR0M1b2brqWTkZZAPIfk1aznRQ6BSOH5LICX758BYxgNLxBS77bbcw3%2F9eBt3t7OSw6ZjbtkbN7RD61dGUzg7G%2ByULazKkoBH7W7AB%2Bwczo7EhDrYFZtxOYKB%2BYQ%2FMDMCxxl%2FHouNAAkc4Yt2zyUog8RVuaj%2FFZX37%2F%2B%2BAhrSSBQcI1qWLzYC44htB4Tc%2FK%2B2UxxvXtLAP3gXj6IvhZQZFoMFKjFV3rPOK%2BdcjzY6ojrvKlD%2BBCy5fu6LgXVvnZqyANv94ZoyfqzyUQS%2FkeNhJ7NZ7mvnd339eP10aocnpGzaFK46Y%2FXR%2Bqfyrq60jCirVuzTzfjfbM3EC%2B%2FxgSP6%2FIkfK4TsQ3d%2BW6HqrvY3puOj63CCBptzTXrp1eaolhZQRMhEGfVmvVcruY9ZAe5zkU%2BVVvzBkgZKdASh8RxWJweDE6AXvm5pQO1RRJa%2BJOF%2B%2Fj%2FEFUNdy8Xy15vdefUoDk4pGZWlhtT1qWEryKdLezgN11O4cCYweqLIL7YG7El96%2BYj0OZWE07Msm6LXpCShGucwiylbp2j2XypNu6WrilPvcYX8ayAwcgLJ1%2FLsE9a9kU9qtsEQer736vuM2p40MQyhPN6zY76tqd93frL0ljL07boOLwoxL6IajskM%2BfZoER7yQNREb2UkcY%2B7%2F1K%2FFYHNY2Q5UX%2BvovQjwFXoAzLVWGr8fvvH1mWvUgXPK6j&nvMid=31356245709&catId=50002549,https://shopping-phinf.pstatic.net/main_3135624/31356245709.jpg?type=f140
에어렉스 업소용 대용량 산업용 제습기 ADH-600T,"693,000원",https://cr.shopping.naver.com/adcr.nhn?x=oElAsbJteIZy8gkbE0as6P%2F%2F%2Fw%3D%3DsNakmbmvbBJQtKAWPWBTdhSPt2w2rJQ2mXvi8tXH2boYijg%2BYKWjIWQpNBjWNeivAmxQX0JHadbTh9ePbvWmIaRor%2FwDd05ZD3DdALD64ks%2Bc9g2CmvlOUyQYS1LtbhDeQ%2BD%2Fo9glb0ukJK6bM8miKOrBpKG6xzi43UPT3zaWqwD%2FIxp1Oh75GG67xk3peaS4ovoLRdTK%2Ffd2QkkdQClohZdjMUchg8LC70DgsfEjdA4I2x%2Fu7DYM1XWsLoQNq4IhaHAkRhFg%2FFvjFAx9q0I4aa9r3oTQiVDfFGJaCP0YPMcXz4NrMLKbLR%2BiHsPJk%2BnzZDmYqQvV43dpVxuUdDBl3lNCFxNGH3eBKZdEe3Zv8LFQKZ7LmtDbAiutuZs8a2dhIp2043Igao47p5CDfVzbxDFXXfMlCLUr2lKJopHKNreDE6AXvm5pQO1RRJa%2BJOF%2Bppmwf3xLzP%2B%2BXiP7pLlY3U4pGZWlhtT1qWEryKdLezgN11O4cCYweqLIL7YG7El96%2BYj0OZWE07Msm6LXpCShGucwiylbp2j2XypNu6WrilPvcYX8ayAwcgLJ1%2FLsE9aiLrJR1FnhMQH7kdm8c9HyAn2beHfi%2F4d4NqBqp409XXL07boOLwoxL6IajskM%2BfZSSI%2F6HGovCtq6yRNy6pVYVYHNY2Q5UX%2BvovQjwFXoAzLVWGr8fvvH1mWvUgXPK6j&nvMid=31356172632&catId=50002549,https://shopping-phinf.pstatic.net/main_3135617/31356172632.jpg?type=f140
에어렉스 업소용 대용량 산업용 제습기 ADH-2000,"2,200,000원",https://cr.shopping.naver.com/adcr.nhn?x=w%2BNCJH5Gz%2B2m4GG4inAi8f%2F%2F%2Fw%3D%3DsZLDOVLxlpDMjcUhPn5JrWRHOMc5jugzlbsjnst0YgNI%2Fx930nc0dZV8cGDWLQnDCR0M1b2brqWTkZZAPIfk1a60bUzsC4UqXXzJXDZ3WaogTO1loPfJQ8micU%2FJ3GDOpw6ZjbtkbN7RD61dGUzg7G%2ByULazKkoBH7W7AB%2Bwczo7EhDrYFZtxOYKB%2BYQ%2FMDMCxxl%2FHouNAAkc4Yt2zyUog0Ra8ItvJCOFBh9NPjaorwfDR4GspaPKDiw%2FqEpToMENAh0DTS47%2F1G2OEy2RK4eOsFbN0NCeafKRCpnHf3EQX9Rkj986w1%2FgSKDQzAPF7IFfElFATEJTbrkj526aY46eOsiZw2Ih5dpmK67iSUlza8FbfqvhBmyFER%2BD7e%2BrtE2SQWv88jsKGEJN2wbDu6ZYce9j9TM33g7MivnAbc9%2BIDbc%2FFKlrSrCK0btOuLQqL6cpdS%2BKMBb%2BlWgNOwNvQPfkW3FXhBlHtQUjWJYiu6A89IJgj1g6tR3ZfAisg6QXNUUunV6%2B3Zl0%2BQNiArOPVHIlfM1JGh9nLr5f%2BWTjj1rtJrv9lO24ow8rCJWcNFCcBjERGa5paiMkHqnXs4M8DGmm%2FQOd7w3YL%2BsRrObUHnB88aIbT4wPT2RVq4kndhIVrUArhge1Vo%2Ffc81gZDrX7yHe7ZLjfIgOGDLjeptj03TIUOEsHC78VBLnFZh%2FnDobeN&nvMid=31356207305&catId=50002549,https://shopping-phinf.pstatic.net/main_3135620/31356207305.jpg?type=f140
에어렉스 업소용 대용량 산업용 제습기 ADH-700T,"858,000원",https://cr.shopping.naver.com/adcr.nhn?x=Trw3uhv0K%2FM%2FuKab%2FsnWXP%2F%2F%2Fw%3D%3DsNBO0OFSqenbViJ0DuzpArbktrnFk1JtNOfEM1ebD%2BtYijg%2BYKWjIWQpNBjWNeivAmxQX0JHadbTh9ePbvWmIaQ3kCxzO%2BQOfkKt2vqVrsQKfVHgueryBVDDw7DOGMOaOQ%2BD%2Fo9glb0ukJK6bM8miKOrBpKG6xzi43UPT3zaWqwD%2FIxp1Oh75GG67xk3peaS4ovoLRdTK%2Ffd2QkkdQClohZdjMUchg8LC70DgsfEjdA7Feh8CE3lT1TklUQyGbTllnSG3YOT1ypRVPdajl0hcJ7%2FgHj3rvsSE8AZGpHjbW%2FqroNGRLgGdplcjFjG%2BgRDSA8z9jD243xTZKssaX0ZGydB8Y6H2o98yIHzRWCu9Nzr108YYjm3zRp%2FMGx%2BUX5IaDYwNi%2BV7qQDg2DiJzia7NbPUUcH%2BHOCAaIUOY1rwzOHzBVYjErfYJS0KjSSgX9y5b8lxELRNEuM4iBS%2FmPM8qxaKg2qxlQafCYo5SWc4IpCUrW3oQ4QaMP5PmJ2k5XCU09QH7yf%2BANL2qUPheqGMcINbDzEN1wfm9wB3rNXZhyO1UxlNakJth6ENaDVdOcBkN5riKNKiXarAZJU7iKIk8kl2rNJaguc1l3jruAjzeVslEQriLfjcrTABENdjjshm7qPTvClzqvcbO0yymrufzl7UgIva0c%2FJz%2FTXtUEBMeBlNzdJFgkoR1MOL3Zb6EWFfoPO6fsSaX8J7dIK7RDRr%2FdsUjffGG2cz7%2FcVnqrXXvHICEQpPL7Rm%2B2fyhjEhHR&nvMid=31356183034&catId=50002549,https://shopping-phinf.pstatic.net/main_3135618/31356183034.jpg?type=f140
에어렉스 업소용 대용량 산업용 제습기 ADH-2400,"2,310,000원",https://cr.shopping.naver.com/adcr.nhn?x=3j3IJs8%2FsfuZhMw%2FZdphX%2F%2F%2F%2Fw%3D%3DsY8uL%2Ba40SONbvZJP4MWIY3LQIHpSa%2FiI07ywoP83kZgUAEA2Llo9ayG2zM7qRWbT0P01ZdWO6qi0gnhhmha23XZTB1vloeRVEYCehJKrcClY0mmMAVrMbvgE581LhjAagGwmPNX%2Fe%2BXkuZ30duRQYiNTg4vYVJt0qtKSwfXbvj5EpbHmM3c7ReCiUl6m0rielEEg14foG%2BVdAX0L7v1FZL6XAnXLARk5zGIwLaXvCWu%2F4M47N2TI%2BvKM8a1TSgaYnuzs%2F5Ts%2Fjdg4pqMIr9X4DPbuNejet9Mhup8bfLqQvIsOJoYhB0zmHkgM4%2FnGrdoJY3MySUAod54B0gdj2IY9%2Bf1dz4FwLyLlLHjNRU2Hk00xhDelscLW7CPL0XwJLcxZDmYqQvV43dpVxuUdDBl3lNCFxNGH3eBKZdEe3Zv8LFQKZ7LmtDbAiutuZs8a2dh6xhh%2Fdi6eC371T%2FGiuwQGse9j9TM33g7MivnAbc9%2BIDbc%2FFKlrSrCK0btOuLQqL6i3hPIkdSyM9M%2BhCTrAeynUW3FXhBlHtQUjWJYiu6A89IJgj1g6tR3ZfAisg6QXNUUunV6%2B3Zl0%2BQNiArOPVHIlfM1JGh9nLr5f%2BWTjj1rtLu1HqitBU7JLiOzV2QpF%2Fnq3sw%2BrHgrn4EsAtkvy69B8s%2BE0XuLyl94zQJ40Y%2BAiUaIbT4wPT2RVq4kndhIVrUpo0MkYPZBxWPn8b8cBWn1u7ZLjfIgOGDLjeptj03TIUOEsHC78VBLnFZh%2FnDobeN&nvMid=31356042068&catId=50002549,https://shopping-phinf.pstatic.net/main_3135604/31356042068.jpg?type=f140
에어렉스 업소용 대용량 산업용 제습기 ADH-2000,"2,200,000원",https://cr.shopping.naver.com/adcr.nhn?x=CInsj3CTN3IC4ZYpFZiR4v%2F%2F%2Fw%3D%3DsNOqyF256pjbMPJ4EJ%2BVOB78Pi2sHBRslGBqTWGRUqVk%2Fx930nc0dZV8cGDWLQnDCR0M1b2brqWTkZZAPIfk1axZOq09rZ203PxH8mC7mG3rfcdxjLkIEwJQmav7g2Plmw6ZjbtkbN7RD61dGUzg7G%2ByULazKkoBH7W7AB%2Bwczo7EhDrYFZtxOYKB%2BYQ%2FMDMCxxl%2FHouNAAkc4Yt2zyUog8RVuaj%2FFZX37%2F%2B%2BAhrSSBQcI1qWLzYC44htB4Tc%2FK%2B2UxxvXtLAP3gXj6IvhZQZFoMFKjFV3rPOK%2BdcjzY6ojrvKlD%2BBCy5fu6LgXVvnZqyv6IofLL5oSI5MNbN4%2Fe3TrNZ7mvnd339eP10aocnpGzaFK46Y%2FXR%2Bqfyrq60jCirVuzTzfjfbM3EC%2B%2FxgSP6%2FIkfK4TsQ3d%2BW6HqrvY3puOj63CCBptzTXrp1eaolhZQtKAlei0nW1Izt%2BRnDzONSk%2BVVvzBkgZKdASh8RxWJweDE6AXvm5pQO1RRJa%2BJOF%2BZUF%2BhP%2FDJ3m0eQ8qvSQO1E4pGZWlhtT1qWEryKdLezgN11O4cCYweqLIL7YG7El96%2BYj0OZWE07Msm6LXpCShGucwiylbp2j2XypNu6WrilQVT4xLw%2FEXEki1wLwQBMR9OCo8wyYw7Xqlxur5qsTZmOgnJsETqICXwzItGsE%2FFV8CXl251OpmWizflz2KEWcVKRA7M3xbSmuJsDwS7cYyKzzDLKyR%2FvW00pOrJ6GXMdoaKZHilHbuauHUigNM5KA&nvMid=31356122141&catId=50002549,https://shopping-phinf.pstatic.net/main_3135612/31356122141.jpg?type=f140
에어렉스 업소용 대용량 산업용 제습기 ADH-1000,"1,870,000원",https://cr.shopping.naver.com/adcr.nhn?x=9BmblEWKdsbu%2FCtmRNQIv%2F%2F%2F%2Fw%3D%3DsqcpQhs%2Fh3qUThwdvLmIfbr7pZAB0FlhJr%2By05EddmBY%2Fx930nc0dZV8cGDWLQnDCR0M1b2brqWTkZZAPIfk1a6YiD4w56HoxD9vSv8m%2B4RM52X9tnlXKhC6o3WaiCek6w6ZjbtkbN7RD61dGUzg7G%2ByULazKkoBH7W7AB%2Bwczo7EhDrYFZtxOYKB%2BYQ%2FMDMCxxl%2FHouNAAkc4Yt2zyUog8RVuaj%2FFZX37%2F%2B%2BAhrSSBQcI1qWLzYC44htB4Tc%2FK%2B2UxxvXtLAP3gXj6IvhZQZFoMFKjFV3rPOK%2BdcjzY6ojrvKlD%2BBCy5fu6LgXVvnZqykegAm4XGp2IzIFivbgg%2BEbNZ7mvnd339eP10aocnpGzaFK46Y%2FXR%2Bqfyrq60jCirVuzTzfjfbM3EC%2B%2FxgSP6%2FIkfK4TsQ3d%2BW6HqrvY3puOj63CCBptzTXrp1eaolhZQK%2FH3F31X3LufGI0rssbBQU%2BVVvzBkgZKdASh8RxWJweDE6AXvm5pQO1RRJa%2BJOF%2B5wwitWxB8dkdOep1R6xJrU4pGZWlhtT1qWEryKdLezgN11O4cCYweqLIL7YG7El96%2BYj0OZWE07Msm6LXpCShGucwiylbp2j2XypNu6WrilhII9G06peDblbP7Pr0j99%2FumXT5ScCFTnRdCFpAFOgQZYGcLUeForI7fzadCerat8CXl251OpmWizflz2KEWceY3zq5WL0vMj4VDHJ0muUazzDLKyR%2FvW00pOrJ6GXMdoaKZHilHbuauHUigNM5KA&nvMid=31356160620&catId=50002549,https://shopping-phinf.pstatic.net/main_3135616/31356160620.jpg?type=f140
에어렉스 업소용 대용량 산업용 제습기 ADH-800,"1,430,000원",https://cr.shopping.naver.com/adcr.nhn?x=p0d7ebRyqzo%2BkRaTs5ifd%2F%2F%2F%2Fw%3D%3Ds4zdktEiHqIF7De2LDYdG2IM3V8taY8P47nv7efKeCjIijg%2BYKWjIWQpNBjWNeivAmxQX0JHadbTh9ePbvWmIadyZqDCeDGFW9fOS9YtUP8sImvqhgGXDX%2F8SJf6ti0BqQ%2BD%2Fo9glb0ukJK6bM8miKOrBpKG6xzi43UPT3zaWqwD%2FIxp1Oh75GG67xk3peaS4ovoLRdTK%2Ffd2QkkdQClohZdjMUchg8LC70DgsfEjdA4I2x%2Fu7DYM1XWsLoQNq4IhaHAkRhFg%2FFvjFAx9q0I4ad%2BydhVCXU%2BSP311uTV2yh1%2Fp%2BUmIZCBaxym9IPVSjb7ZDmYqQvV43dpVxuUdDBl3lNCFxNGH3eBKZdEe3Zv8LFQKZ7LmtDbAiutuZs8a2dhtv6sM0AE3cUiRLxYHunBhzFXXfMlCLUr2lKJopHKNreDE6AXvm5pQO1RRJa%2BJOF%2BhjWRsOxDh9%2FgKzcCyb1rO04pGZWlhtT1qWEryKdLezgN11O4cCYweqLIL7YG7El96%2BYj0OZWE07Msm6LXpCShGucwiylbp2j2XypNu6Wrimh5QNEe2Zn%2Fu8Vomec%2F6Hq1P2FEax8RbOIxoAy2zkXNe8PDwhkzW0EDGe5a7zgVMbL07boOLwoxL6IajskM%2BfZiM1VRW0VstcaZblKtNf1flYHNY2Q5UX%2BvovQjwFXoAzLVWGr8fvvH1mWvUgXPK6j&nvMid=31356147649&catId=50002549,https://shopping-phinf.pstatic.net/main_3135614/31356147649.jpg?type=f140
에어렉스 산업용 대용량 업소용 제습기 ADH-1000,"1,870,000원",https://cr.shopping.naver.com/adcr.nhn?x=rQew5fZFq%2BB9xoqeA8qfLP%2F%2F%2Fw%3D%3DsgHoKoGOEka11eVtAo%2FKPHRwAymbWplQ7bog1Btx2u%2BIijg%2BYKWjIWQpNBjWNeivAmxQX0JHadbTh9ePbvWmIacJD%2F0CEccaooifnKZfjf%2BjcYpYZy%2BT%2FiMConUydFvBvQ%2BD%2Fo9glb0ukJK6bM8miKOrBpKG6xzi43UPT3zaWqwD%2FIxp1Oh75GG67xk3peaS4ovoLRdTK%2Ffd2QkkdQClohZdjMUchg8LC70DgsfEjdA4I2x%2Fu7DYM1XWsLoQNq4IhaHAkRhFg%2FFvjFAx9q0I4aUlOoRyRd1EJKROzQHZuz9RB7BTpr3cT8hAYT0V7Nl%2BAZDmYqQvV43dpVxuUdDBl3lNCFxNGH3eBKZdEe3Zv8LFQKZ7LmtDbAiutuZs8a2dhqpAgaCjW3mQ6eWJxB7l8zTFXXfMlCLUr2lKJopHKNreDE6AXvm5pQO1RRJa%2BJOF%2Ba96MwZiY%2F%2Be71wwg%2BdWHOU4pGZWlhtT1qWEryKdLezgopJ00WiVSox8fXv8Qw6Ns2yd3hNhaV4qIEbYn26d3b1LSQXQn4JPfIfxRsRR8LhhhII9G06peDblbP7Pr0j99KbrqTF%2B%2BfUyNr4roBYZmnKpQ3eOCevj5a0ujzee%2Bgxh8CXl251OpmWizflz2KEWcPI1LuDQEol4BJj6KVAinbKzzDLKyR%2FvW00pOrJ6GXMdoaKZHilHbuauHUigNM5KA&nvMid=31356038046&catId=50002549,https://shopping-phinf.pstatic.net/main_3135603/31356038046.jpg?type=f140
에어렉스 업소용 대용량 산업용 제습기 ADH-600P,"792,000원",https://cr.shopping.naver.com/adcr.nhn?x=dukfiWiKkKM5Ga7y7hQlj%2F%2F%2F%2Fw%3D%3DsRXZbxcoWFxOTOncmca%2FUmOntpr6XijsweUULOY3gK%2B4%2Fx930nc0dZV8cGDWLQnDCR0M1b2brqWTkZZAPIfk1a8UWoBo6CTBzWbzNZljkABxTVHTA8g5109eZcLOUHK2fw6ZjbtkbN7RD61dGUzg7G%2ByULazKkoBH7W7AB%2Bwczo7EhDrYFZtxOYKB%2BYQ%2FMDMCxxl%2FHouNAAkc4Yt2zyUog8RVuaj%2FFZX37%2F%2B%2BAhrSSBQcI1qWLzYC44htB4Tc%2FK%2B2UxxvXtLAP3gXj6IvhZQZFoMFKjFV3rPOK%2BdcjzY6ojrvKlD%2BBCy5fu6LgXVvnZqyyjr1yDCpC4jtyw1%2BTbHu3LNZ7mvnd339eP10aocnpGzaFK46Y%2FXR%2Bqfyrq60jCirVuzTzfjfbM3EC%2B%2FxgSP6%2FIkfK4TsQ3d%2BW6HqrvY3puOj63CCBptzTXrp1eaolhZQnTSiDIJ%2Bwa%2BBbum2NY6jM0%2BVVvzBkgZKdASh8RxWJweDE6AXvm5pQO1RRJa%2BJOF%2B5Kc8FT8KwWycGTTo8rauI04pGZWlhtT1qWEryKdLezgN11O4cCYweqLIL7YG7El96%2BYj0OZWE07Msm6LXpCShGucwiylbp2j2XypNu6WrilSp9giL9mfRhdC5gKM5LGPeNQ5rcVHHtIqrc%2F0SIvG%2BvdhFINON%2BbfjyWAVn9NRFDL07boOLwoxL6IajskM%2BfZjdU1u0A5XQJx9TKgNLV7ZlYHNY2Q5UX%2BvovQjwFXoAzLVWGr8fvvH1mWvUgXPK6j&nvMid=31356077930&catId=50002549,https://shopping-phinf.pstatic.net/main_3135607/31356077930.jpg?type=f140
에어렉스 업소용 대용량 산업용 제습기 ADH-1100,"1,485,000원",https://cr.shopping.naver.com/adcr.nhn?x=Wzy5hGrju%2BBTfzCxD5aZkP%2F%2F%2Fw%3D%3DsQ6XqKimZPwTyjhugsk%2Fll0knoJ7KoFt8%2BS9FeFYVUFU%2Fx930nc0dZV8cGDWLQnDCR0M1b2brqWTkZZAPIfk1axhOfueE7tLwvy5yRyk1ifdt6LTIZ6RP4RhBYT9JB2zmw6ZjbtkbN7RD61dGUzg7G%2ByULazKkoBH7W7AB%2Bwczo7EhDrYFZtxOYKB%2BYQ%2FMDMCxxl%2FHouNAAkc4Yt2zyUog8RVuaj%2FFZX37%2F%2B%2BAhrSSBQcI1qWLzYC44htB4Tc%2FK%2B2UxxvXtLAP3gXj6IvhZQZFoMFKjFV3rPOK%2BdcjzY6ojrvKlD%2BBCy5fu6LgXVvnZqy6DWrQoipoez6D3hAcga38bNZ7mvnd339eP10aocnpGzaFK46Y%2FXR%2Bqfyrq60jCirVuzTzfjfbM3EC%2B%2FxgSP6%2FIkfK4TsQ3d%2BW6HqrvY3puOj63CCBptzTXrp1eaolhZQltuJBMyunM49IvnsEd%2Ba7E%2BVVvzBkgZKdASh8RxWJweDE6AXvm5pQO1RRJa%2BJOF%2BbAKNYTXVjA2eSnbtcqfJ6E4pGZWlhtT1qWEryKdLezgN11O4cCYweqLIL7YG7El96%2BYj0OZWE07Msm6LXpCShGucwiylbp2j2XypNu6WrikgQ4utOrEbWFjQfC3IsNB3NjtAppT3zppWB%2BUeWGkzQ%2B3DPaKU9h%2Bxh7t%2FYEk8DBN8CXl251OpmWizflz2KEWcSAv8E9vCoccBX0PlM%2FSD06zzDLKyR%2FvW00pOrJ6GXMdoaKZHilHbuauHUigNM5KA&nvMid=31355925387&catId=50002549,https://shopping-phinf.pstatic.net/main_3135592/31355925387.jpg?type=f140
에어렉스 업소용 대용량 산업용 제습기 ADH-1800,"1,870,000원",https://cr.shopping.naver.com/adcr.nhn?x=7vkN0ey0YliZcdDnUCsvMP%2F%2F%2Fw%3D%3Ds%2FILM%2FNNj7gd20cTCY1glmdWJ6GXERCUd6vlYIFcNtXs%2Fx930nc0dZV8cGDWLQnDCR0M1b2brqWTkZZAPIfk1a21MTsDkrn4gBX9nl9oIJhJgmoHUzR%2BjT3ioYWqmlNiZw6ZjbtkbN7RD61dGUzg7G%2ByULazKkoBH7W7AB%2Bwczo7EhDrYFZtxOYKB%2BYQ%2FMDMCxxl%2FHouNAAkc4Yt2zyUog0Ra8ItvJCOFBh9NPjaorwfDR4GspaPKDiw%2FqEpToMENAh0DTS47%2F1G2OEy2RK4eOizzOA7kchrt8kv1vJZDm9sUW5OgUWu5m8VNmycFnFOsfElFATEJTbrkj526aY46eOsiZw2Ih5dpmK67iSUlza9kL5JdTHDItRySe25wAAG1SttM6LMZO%2Byf1Fwej3AgKMe9j9TM33g7MivnAbc9%2BIAWUD6LsUrBh4yJbQ24DKkoOqe4WfaBZWtKXt%2BYKVat8kW3FXhBlHtQUjWJYiu6A89IJgj1g6tR3ZfAisg6QXNUUunV6%2B3Zl0%2BQNiArOPVHIlfM1JGh9nLr5f%2BWTjj1rtLGITyFQsQoJz6F2Hp2snvQc93LU3E7kc6V1eBP0Nt9%2BYLhzD2FLLSlFB4FGcrz%2FJwaIbT4wPT2RVq4kndhIVrUnCacPgmMI2kd4gBqKIgwRe7ZLjfIgOGDLjeptj03TIUOEsHC78VBLnFZh%2FnDobeN&nvMid=31355972876&catId=50002549,https://shopping-phinf.pstatic.net/main_3135597/31355972876.jpg?type=f140
에어렉스 업소용 대용량 산업용 제습기 ADH-2900,"2,695,000원",https://cr.shopping.naver.com/adcr.nhn?x=6oEG0BQMytrsA4OpTSTqQv%2F%2F%2Fw%3D%3DsfMbpQiqWaPbYS3160OcSoNhGaUEpfhFB%2FODzIjTuHMg%2Fx930nc0dZV8cGDWLQnDCR0M1b2brqWTkZZAPIfk1a9OsqAao4i30p8X%2B7xSc5rWD%2FOD6dTL9qxmGoUpSSpRKw6ZjbtkbN7RD61dGUzg7G%2ByULazKkoBH7W7AB%2Bwczo7EhDrYFZtxOYKB%2BYQ%2FMDMCxxl%2FHouNAAkc4Yt2zyUog0Ra8ItvJCOFBh9NPjaorwfDR4GspaPKDiw%2FqEpToMENAh0DTS47%2F1G2OEy2RK4eOvF9toqmqDqULa%2FOhpwdxSmwFfmn6SyzsxVdsmaFgA6CfElFATEJTbrkj526aY46eOsiZw2Ih5dpmK67iSUlza9kL5JdTHDItRySe25wAAG1gd0qOluJdlent%2BDFu1jIRMe9j9TM33g7MivnAbc9%2BIDbc%2FFKlrSrCK0btOuLQqL6Gpg5AYeBvA0So3U0bf0q30W3FXhBlHtQUjWJYiu6A89IJgj1g6tR3ZfAisg6QXNUUunV6%2B3Zl0%2BQNiArOPVHIlfM1JGh9nLr5f%2BWTjj1rtLlVAbpXTavRV3u18WjgimCVl8vAg0twmKOHCW34VAR3L4Sun7qneOUvxUPUYcKg5YaIbT4wPT2RVq4kndhIVrUA174SuirNlzQ4xabZxJNi%2B7ZLjfIgOGDLjeptj03TIUOEsHC78VBLnFZh%2FnDobeN&nvMid=31356009135&catId=50002549,https://shopping-phinf.pstatic.net/main_3135600/31356009135.jpg?type=f140
에어렉스 업소용 대용량 산업용 제습기 ADH-2400,"2,310,000원",https://cr.shopping.naver.com/adcr.nhn?x=udiVKvjhlhmiqQ6K%2FG1Snv%2F%2F%2Fw%3D%3Ds8KMdD0Kc7ho33jxI%2Fq3aTOqG6EURFS9%2BniSmmxu9O7Uijg%2BYKWjIWQpNBjWNeivAmxQX0JHadbTh9ePbvWmIaSA2%2FuDM9rrhu0KlPLEFndg%2BM5tRmvzJY5LOUsHrhINGQ%2BD%2Fo9glb0ukJK6bM8miKOrBpKG6xzi43UPT3zaWqwD%2FIxp1Oh75GG67xk3peaS4ovoLRdTK%2Ffd2QkkdQClohZdjMUchg8LC70DgsfEjdA4I2x%2Fu7DYM1XWsLoQNq4IhaHAkRhFg%2FFvjFAx9q0I4afvlFeWy%2FB%2BpxxXIssuZfpU97eAo%2FwwUTMCeLUB2VLooZDmYqQvV43dpVxuUdDBl3lNCFxNGH3eBKZdEe3Zv8LFQKZ7LmtDbAiutuZs8a2dh7zvNULrRyWPSzRPOC4ZOSDFXXfMlCLUr2lKJopHKNreDE6AXvm5pQO1RRJa%2BJOF%2BT4COeKvyqvgIWeaBZ8C7%2Fk4pGZWlhtT1qWEryKdLezgN11O4cCYweqLIL7YG7El96%2BYj0OZWE07Msm6LXpCShGucwiylbp2j2XypNu6Wrin5NyD8ry44fFgktYpLQsQCMLR25qj8iTfmkHw08uG3AKxJslBXmxea6VzZ6vSQtNx8CXl251OpmWizflz2KEWc2fAd%2BP0bZOIIqwYm5Vfq5qzzDLKyR%2FvW00pOrJ6GXMdoaKZHilHbuauHUigNM5KA&nvMid=31355959862&catId=50002549,https://shopping-phinf.pstatic.net/main_3135595/31355959862.jpg?type=f140
에어렉스 업소용 대용량 산업용 제습기 ADH-600P,"792,000원",https://cr.shopping.naver.com/adcr.nhn?x=1xLBKvDKkFCmi13oMyQdnP%2F%2F%2Fw%3D%3DsNi8oXXlW9ixqkYyPK2TsLvFNPdtIZy7A%2BneNSBXnfTM%2Fx930nc0dZV8cGDWLQnDCR0M1b2brqWTkZZAPIfk1azjcn%2B4w7E38dzCzjQyxUZRqHkgt0EJNifRgo87yeKjCw6ZjbtkbN7RD61dGUzg7G%2ByULazKkoBH7W7AB%2Bwczo7EhDrYFZtxOYKB%2BYQ%2FMDMCxxl%2FHouNAAkc4Yt2zyUog0Ra8ItvJCOFBh9NPjaorwfDR4GspaPKDiw%2FqEpToMENAh0DTS47%2F1G2OEy2RK4eOlnA8Vtzf5KqmFNQmzS9m08UW5OgUWu5m8VNmycFnFOsfElFATEJTbrkj526aY46eOsiZw2Ih5dpmK67iSUlza9kL5JdTHDItRySe25wAAG1QNTWqnVjlktTq37iGHx5VMe9j9TM33g7MivnAbc9%2BIAWUD6LsUrBh4yJbQ24DKkoWre3O3YMt%2FcCfmjJ5szbaUW3FXhBlHtQUjWJYiu6A89IJgj1g6tR3ZfAisg6QXNUUunV6%2B3Zl0%2BQNiArOPVHIlfM1JGh9nLr5f%2BWTjj1rtJ8FH884%2BxOqgx2fe5jjE33AOTLv61yUskH9bRMMyRDhnxz9STd8q87CwEIpWVRqejZlVYLDEJpnI8cF6CMPSIWdWp%2BtE%2F9Rz8mRBOGsNhnEKitVPTIwbsSX5aJcDGEXJWCqA6%2BrrPkSkQjk3bFq%2FUy&nvMid=31355967096&catId=50002549,https://shopping-phinf.pstatic.net/main_3135596/31355967096.jpg?type=f140
에어렉스 업소용 대용량 산업용 제습기 ADH-800,"1,430,000원",https://cr.shopping.naver.com/adcr.nhn?x=fr3DP0Js58p%2BpKkJ6GixpP%2F%2F%2Fw%3D%3DsGkpxkfsx9umipePDOCZTTtUqcgbhFkRbIftEo2UX0qgijg%2BYKWjIWQpNBjWNeivAmxQX0JHadbTh9ePbvWmIafober0POTvDdHxkgpEiwYrRp%2BBIt0%2Bc78ZK3vAUpkMjQ%2BD%2Fo9glb0ukJK6bM8miKOrBpKG6xzi43UPT3zaWqwD%2FIxp1Oh75GG67xk3peaS4ovoLRdTK%2Ffd2QkkdQClohZdjMUchg8LC70DgsfEjdA7Feh8CE3lT1TklUQyGbTllnSG3YOT1ypRVPdajl0hcJ7%2FgHj3rvsSE8AZGpHjbW%2FqroNGRLgGdplcjFjG%2BgRDSo7%2Fkp%2BK63bMenhwsHiN3M9B8Y6H2o98yIHzRWCu9Nzr108YYjm3zRp%2FMGx%2BUX5IaDYwNi%2BV7qQDg2DiJzia7NbPUUcH%2BHOCAaIUOY1rwzOHzBVYjErfYJS0KjSSgX9y5q41MWQYo7QLPtWJcTOmu%2FBaKg2qxlQafCYo5SWc4IpCUrW3oQ4QaMP5PmJ2k5XCUn2Tt%2FUVYRGrWsGC1FnpwPoNbDzEN1wfm9wB3rNXZhyO1UxlNakJth6ENaDVdOcBkN5riKNKiXarAZJU7iKIk8kl2rNJaguc1l3jruAjzeVsltdcczBdFAsnzuNquX60B5uCyl1MtQhNABLnKNbn9ETEvg81MsMI%2BFUXM4R94v25lNzdJFgkoR1MOL3Zb6EWF9qwyTjSLnft4Tb2EnTBI7vdsUjffGG2cz7%2FcVnqrXXvHICEQpPL7Rm%2B2fyhjEhHR&nvMid=31355934258&catId=50002549,https://shopping-phinf.pstatic.net/main_3135593/31355934258.jpg?type=f140
에어렉스 대용량 제습기 영업용 산업용 공업용 창고용 선택1.ADH-800,"1,430,000원",https://cr.shopping.naver.com/adcr.nhn?x=3PtL2WPMGZDt4rxKnBxgKv%2F%2F%2Fw%3D%3DshIYDrDnWYKl%2BALcbWOrgv1%2BexlSbudKuRVu4%2FzJDSMcijg%2BYKWjIWQpNBjWNeivAmxQX0JHadbTh9ePbvWmIaY1l4%2BvDN04VGwjvUs9f2FVzbtyItv%2FnWy1F5ilFLg2UQ%2BD%2Fo9glb0ukJK6bM8miKOrBpKG6xzi43UPT3zaWqwD%2FIxp1Oh75GG67xk3peaS4ovoLRdTK%2Ffd2QkkdQClohY%2Fnj%2FVF2XeRwBKHuXlEZrfj2BbCjhgARYY%2BWc4xZBQHio8qdLNNXvWBudMCNZrFDwKXzdyLhx1ZkF9AT5z8yVn54Z%2BKtjvU6ncJ0cWvIaFyKCr%2BR1OqJ7gLW1FK0MvTx2x9DTLI2%2FtYxhhGnxsq1amkMsZR1XEdNu45rogcGL089m9CzSRIAEY7uWXXjUDLSFpAh1wbAQoeHOuhMMwVvUVgLcQcbO2n%2FvR55FBVGug8JtmLp2tqvSErcL7JMQCxBjJaQ6R44msvNqr0bzdLle0ghK9ccmOhhZErthqMSAxdr0fR9vgrHhuwEeCFHS3QaGSvm4Vf%2BJeCDrh8KO6q0OlKsgJ%2B%2BIdp1R5vof9zAq7KLS4%2B6fxv%2B7%2F%2B57SJjl8jLDoJdBVGtdBXFUo2pWwRF%2Fzxpety73bsoVaB7yJOX1ygT4oGBQyLKDOrzZyEIKEncYHfwRe4JHQT1RSftJNb26pAZg9lxt3oYb%2BbowFJLr3ip1cVYfgj5pFUExd4enEyTDNYrPe1orna6DdSktWE3RDL07boOLwoxL6IajskM%2BfZg53EazzPjRkY6E3H0SwFw0E%2BklO%2Bu4vipcvMJzJsfvrNjqh%2FZemCCOboDhnweAmG&nvMid=19156416972&catId=50002549,https://shopping-phinf.pstatic.net/main_1915641/19156416972.jpg?type=f140
에어렉스 65L 대용량 공기청정 제습기 ADH-350,"478,000원",https://cr.shopping.naver.com/adcr.nhn?x=u5D85%2FMih4O1uZcOIy6V0f%2F%2F%2Fw%3D%3DsyAq068HK1iyQTF%2BCQrXccRPn5Lwk4rmvwXo%2ByOA2aZ4ijg%2BYKWjIWQpNBjWNeivAmxQX0JHadbTh9ePbvWmIaZSfp6yUkHitC%2F50%2Bz5EOxcN98Uu%2BMMlgDZowaFypym%2BQ%2BD%2Fo9glb0ukJK6bM8miKOrBpKG6xzi43UPT3zaWqwD%2FIxp1Oh75GG67xk3peaS4ovoLRdTK%2Ffd2QkkdQClohY%2Fnj%2FVF2XeRwBKHuXlEZrfj2BbCjhgARYY%2BWc4xZBQHio8qdLNNXvWBudMCNZrFDx%2BpLbiDXwqXGGcBVRt9R7WADY7wd9i3oDRtOybhHGGTdgaHlM%2Fy2Dq4rCCYlpV8Nhn3Gm51Q0WCdPp5zf7Cv3BxcGjQZdOYt%2FqzYwz%2BmA1EQF8PurV5Syv5Eb%2BmaETetlnDLVk9NeWzHbz3Qrpeh0YwOg6BbDPAZa2xxhHrJACPTZ99dQjk4z9w2vev78PcqOZhOGLqGSR634whKRZJesgokKG9mWgKZxDMbq9lHyS6x72P1MzfeDsyK%2BcBtz34gN5LIeAAk4tSgYKQfQC4E%2FTiTyeWIQz2I4H7q8VrxzS2RbcVeEGUe1BSNYliK7oDz8wUg9o4%2F8u9idaHZSvLWGeg3Fc0Xiw%2Bp0%2B4RJiCxD11ivBeYIfua73UcxW%2B490Qhdc3PCNOZcDrm0YIxuJDU1jowyIZDXEWQxLYxDFR0qT25nOu49jBg2klCFNgKByIbc7SjCv0JVvkzNIGqg6BnFhTnUSSxh%2BVBW94QsLTIA0NmFlrhOm9jrB21%2FDCxuAHAB0cjwVm1BUYVknE7IEMpz4%3D&nvMid=31337175198&catId=50002549,https://shopping-phinf.pstatic.net/main_3133717/31337175198.jpg?type=f140
에어렉스 가정용 업소용 제습기 대용량 60리터 대형 창고 공장,"484,000원",https://cr.shopping.naver.com/adcr.nhn?x=wFgMCpg3IWI%2BD25Vv6w4YP%2F%2F%2Fw%3D%3DsyqzBV5iE6VfRTIvsL4mfMkN8P7xMaFA8En0cvhIHAMcijg%2BYKWjIWQpNBjWNeivAmxQX0JHadbTh9ePbvWmIadNgb1ErbE8h%2Ba%2FjMxb0pa4%2FAmVm86gXPNbC7QnqhGgUQ%2BD%2Fo9glb0ukJK6bM8miKOrBpKG6xzi43UPT3zaWqwD%2FIxp1Oh75GG67xk3peaS4ovoLRdTK%2Ffd2QkkdQClohZdjMUchg8LC70DgsfEjdA6OHZ89tVQZEPT8Vyha8REcBAuSNocH7U4ZALhNeywsZrsJ6mWi34SPl4wiJrRS3ZhTLkIGkJ8qImWFpU01OcwDok9O3HNO868KH78QJ4MdLtJZQXScy%2FEq6c%2Fjuz9PkVuIVIof%2BL7eMzkK%2BwY75aJ%2FRDpykpOqWZgZqWcBmVwRDbKHNWLg4Gzz4silB8N0EMw9l0PWDhdpiAFhUDS2om8tfz5TcQm6hIRcRSKVzkhX7KgRVGw81brzYIg3nN7BfeS6m9QUTa%2F6RitxXUAWcp1nNCoWcFXntZacWjYSuM9Ey61aDGEerhiqGthpmHapswCs4fUGUunEyYKXowP%2BKScGU3%2FDLQKeC8vTvNXpuqznuw72DSp%2BFgPccWg4OD7uTvxRHwDS%2BYebBIdT%2BFLB8nyk%2F9c2zwpsFXN9rY9AYjyy5eYQsU7TtARBhTKL6TvT1FOFRPtGoKhpDcpnoWFoCiuXulqUbqQ2AGB%2Fe179EwJfJm9TZjqEQTAbFzUBl8432wvhVEAf6wwM5tqtSh0bB5Hx&nvMid=28379383872&catId=50002549,https://shopping-phinf.pstatic.net/main_2837938/28379383872.jpg?type=f140
대용량 산업용 제습기 공업용 업소용 물류 창고 산업 현장 공장 습기제거,"693,000원",https://cr.shopping.naver.com/adcr.nhn?x=5NnP6SHYSmuQ6MhltW0y%2FP%2F%2F%2Fw%3D%3DsR4qCYlM%2BWVHq9h6NSri9p9YIBVXMs%2B%2F8oMX8fTintlcijg%2BYKWjIWQpNBjWNeivAmxQX0JHadbTh9ePbvWmIaUoFKJxtxLxRV7atf9Pkgx6eKCoGLTRt8mxVxDoSidiuQ%2BD%2Fo9glb0ukJK6bM8miKOrBpKG6xzi43UPT3zaWqwD%2FIxp1Oh75GG67xk3peaS4ovoLRdTK%2Ffd2QkkdQClohY%2Fnj%2FVF2XeRwBKHuXlEZrfJrHFGbgfwdxgOLQHcHeJCZ9BPu5bC%2FF3Pycy%2BFcIoXc55%2FkGdEJldayiEMAwwTJCTXZfRimBzv4nYtdOlicKFOgk%2BPk2a%2Fej14JAnnHEG2CDTlLyjhTwOWrg3VoZTMjXg8lZ0fjNnLG3P%2FYkrspghrkjkT1GPWb%2B0qFH6828aPgO8HOKi8OWhlamgYr38cTwF4VYHe%2FPY9HU6KztJxqiDSiNfeDt8lRkZEwCruTWU57LuVmFYwcdRE2LQEd3X%2FFbtWVfoDdEa3CrohUDQnsmI6NO9ed0ssDIdUfYkUkVwvzy7xVqH4TBHqUXOGj2FgxaBPU1k5Voieq3RLVffQHk6tZc6TA16diyhLF2Xkcygs9kFFOHeiuirLm9oethnDilmNbqv0DEoFucY0vebpvstK1XQ6Zwn6pY6a0jCgGt1PwzPsuq%2FTaCxR8d1i%2B28ABeO%2BUYyG551MzwBYAKQ0Y%2F0VBrMGNK%2FOWj1k9KTY7S6d1dznR4EhPC6BI08fc6TT2xWkbDrUFJ2hBG8QaB8WVzn&nvMid=83139504569&catId=50002549,https://shopping-phinf.pstatic.net/main_8313950/83139504569.1.jpg?type=f140
에어렉스 대용량 공기청정 제습기 ADH-350 65리터,"484,000원",https://cr.shopping.naver.com/adcr.nhn?x=%2BoqAF1fLJOLd2Q66VbCXQ%2F%2F%2F%2Fw%3D%3DsPPEK%2FacNHmymuqe1q2llUrMv9rfN9Hy0gts7sql9bq4UAEA2Llo9ayG2zM7qRWbT0P01ZdWO6qi0gnhhmha23dq%2BtXbAxoZZ7l9CeZJ9p21iMHqSAvR%2FUoEzhl%2Bh5LzugGwmPNX%2Fe%2BXkuZ30duRQYiNTg4vYVJt0qtKSwfXbvj5EpbHmM3c7ReCiUl6m0rielEEg14foG%2BVdAX0L7v1FZL6XAnXLARk5zGIwLaXvCWuONRVVuChaKXxWkPW4r71oaswV1j27V3%2FpfaVROe9sPpqq81Puy70saPz5Z2kZQfYG6LNhKZ2l0CwuYzZW%2B0b5k12X0Ypgc7%2BJ2LXTpYnChToJPj5Nmv3o9eCQJ5xxBtgg05S8o4U8Dlq4N1aGUzI1RX5G7uX%2B11xC2AlXMOxfUd56e8FhialbFpMXVc68wrF%2FPlNxCbqEhFxFIpXOSFfsFcD7LDHWeCdpoby4J7aRSrqb1BRNr%2FpGK3FdQBZynWewzl%2F7hfEcguvYLazEDEIMoNxXNF4sPqdPuESYgsQ9dYrwXmCH7mu91HMVvuPdEIWELGSNI5qehDKPcYi59vJVV5tZxz6hTlWlvLAFpP3W5XDt0lruu%2FkY5L6uNgakisAugiDh5S8n%2B7Rc0MeNuzgd0%2FF6zAOy8H9QPJAEnLCbnssucd1HhdErXbaEoTx3gi3ke%2FVP%2BgM94BPZkP5YJ%2Bex&nvMid=28107185170&catId=50002549,https://shopping-phinf.pstatic.net/main_2810718/28107185170.jpg?type=f140
에어렉스-산업용대용량제습기 ADH-800(96L) 고효율제습기 업소용제습기,"1,430,000원",https://cr.shopping.naver.com/adcr.nhn?x=BSsCmGngQqvCMP5vfTECCf%2F%2F%2Fw%3D%3DsLbYJgoprYalNWS4fgY0S9mOp84b5qnamwnEh%2FGk35z0%2Fx930nc0dZV8cGDWLQnDCR0M1b2brqWTkZZAPIfk1a82Cq1E5jcn9Rwqry0qUhemITBM7OfxOHZcFh38FwfyTw6ZjbtkbN7RD61dGUzg7G%2ByULazKkoBH7W7AB%2Bwczo7EhDrYFZtxOYKB%2BYQ%2FMDMCxxl%2FHouNAAkc4Yt2zyUog%2FhTk8qKAFTlWM9Fvojiy1lEvqK7Ss30A1gReRlfyn6hISb95YyaO%2FVVSKY%2Bv5t1jlsOjoGthuWI1%2BTZsNhgR5Dv9A8xNDqNZsrAPYhkpJ6AxXa12gsT6c8Wsw9gNp8wm%2Fpj1pkkFCu2UL5xsPInce8%2B4it1HCWEWhe25cZCbmpNQI5RBcUVcsdAFD4qwUSm3KInsgViA9%2BV2SWouTfXJ1cDM7MS%2FnxgFNx4slXa61usFCJLeTNMiIpdd72TMnUFRykqfFkbS9jJV3oTdUWuxaoQjFbBLTtb2mRwtltuIsTJP8%2BJzF3FRkwmHRa9b4rdR11hvtoAkA2sHX6dbis1A6keTkYjxKKQ1IfSZerPBfIhPDQN%2FLMkvrz6qCMPWA1IfaDCptd4aced6p%2Bv730raHht4nXBMTz%2F7RI%2BS8A9BAcZPVzPTrxslHIPszD%2FVYe%2B%2FrzmSRETpcwxg14c06OviKxgPwSNyC0XuugrYLmp6HiWsBieDU91j1lBMWFWd3sRZ4KoDr6us%2BRKRCOTdsWr9TI%3D&nvMid=83341993108&catId=50002549,https://shopping-phinf.pstatic.net/main_8334199/83341993108.jpg?type=f140
에어렉스 ADH-600T 에어렉스 대용량 산업용제습기 65L자연배수,"693,000원",https://cr.shopping.naver.com/adcr.nhn?x=JhK7puyWTL0QUJgAIPBPBv%2F%2F%2Fw%3D%3DsPW9xB8Mizd2Fj4Z%2FMAp6LDfVRdcth4sYhsje9ND8g%2FI%2Fx930nc0dZV8cGDWLQnDCR0M1b2brqWTkZZAPIfk1a2O3ey%2B4RMI607wo0XM3IeHMp77v6c1Gx1SecukYvD%2BYw6ZjbtkbN7RD61dGUzg7G%2ByULazKkoBH7W7AB%2Bwczo7EhDrYFZtxOYKB%2BYQ%2FMDMCxxl%2FHouNAAkc4Yt2zyUog0Ra8ItvJCOFBh9NPjaorwfDR4GspaPKDiw%2FqEpToMENAh0DTS47%2F1G2OEy2RK4eOrRX3oMlODD1jKQnTBOfNrovDpEee1dXmP13cDKYCFoAfElFATEJTbrkj526aY46eOsiZw2Ih5dpmK67iSUlza8FbfqvhBmyFER%2BD7e%2BrtE2bH4DjYYyOUbwt7KYUh53i8e9j9TM33g7MivnAbc9%2BIDnXEDEs0SgrKvXwRB1AgzgRWEhWjuajWL629PVUw7k3kW3FXhBlHtQUjWJYiu6A8%2B9v8pXJFbJodg9UZ3hRgGg%2BDHxa7KJ5qPhXDXew2QKwnms%2Fd%2BS40kvHtHYqIAZqSR3VA5fZWyQ6ZvHxZUdE4J0ktzRCNZIEZgip2o2sjQfLe1dnY2c9OM6NN00rZNB8IBrXCgQy0ZIeJxGCgo4IicRjwYpjw2cDrbWY3K8FHJWfT7FKG0IndogfUWTV3mdThosC70bARNVw655uvvyhTuLaGimR4pR27mrh1IoDTOSgA%3D%3D&nvMid=27316039221&catId=50002549,https://shopping-phinf.pstatic.net/main_2731603/27316039221.1.jpg?type=f140
에어렉스 ADH-600T 에어렉스 대용량 산업용제습기 65L자연배수,"693,000원",https://cr.shopping.naver.com/adcr.nhn?x=60YqIaO3JEZjEPjcSiUGVf%2F%2F%2Fw%3D%3Dse5CUtbnkOaDCIIKHYoYrwJ6m2z9QzObuif%2FhiiGrtD8UAEA2Llo9ayG2zM7qRWbT0P01ZdWO6qi0gnhhmha23Z6EJEyzrdjVIOCoI5HbXgwPHb%2FlQYhNy5LK4Thz%2BlYQgGwmPNX%2Fe%2BXkuZ30duRQYiNTg4vYVJt0qtKSwfXbvj5EpbHmM3c7ReCiUl6m0rielEEg14foG%2BVdAX0L7v1FZL6XAnXLARk5zGIwLaXvCWu%2F4M47N2TI%2BvKM8a1TSgaYnuzs%2F5Ts%2Fjdg4pqMIr9X4DPbuNejet9Mhup8bfLqQvIsOJoYhB0zmHkgM4%2FnGrdo9Amj5wEK4SOxbXEI0DIsf%2Bf1dz4FwLyLlLHjNRU2Hk00xhDelscLW7CPL0XwJLcxZDmYqQvV43dpVxuUdDBl3lNCFxNGH3eBKZdEe3Zv8LFQKZ7LmtDbAiutuZs8a2dheGUnOqq0R99FClhCBONdOMe9j9TM33g7MivnAbc9%2BIDnXEDEs0SgrKvXwRB1AgzgyoVVnlMD2WJWyk8p651vBEW3FXhBlHtQUjWJYiu6A8%2B9v8pXJFbJodg9UZ3hRgGg%2BDHxa7KJ5qPhXDXew2QKwnms%2Fd%2BS40kvHtHYqIAZqSR3VA5fZWyQ6ZvHxZUdE4J0ktzRCNZIEZgip2o2sjQfLTMn%2FbTE7gZY4isODdNRS5RE4zidjofIwi1gQlPON%2FPSjwYpjw2cDrbWY3K8FHJWfR21ko1J%2BJNqn448l%2FAokzQsC70bARNVw655uvvyhTuLaGimR4pR27mrh1IoDTOSgA%3D%3D&nvMid=27316524644&catId=50002549,https://shopping-phinf.pstatic.net/main_2731652/27316524644.1.jpg?type=f140
에어렉스 대용량 제습기 40평형 일일최대 65L ADH-350 - ADH-350 제습기,"484,000원",https://cr.shopping.naver.com/adcr.nhn?x=5m%2Bp18uD%2FjYf%2F9XpXyjMI%2F%2F%2F%2Fw%3D%3DsYmYobJo9jvaYt0NWCcN%2FFpProfNCNwiIimRdqVZjxzc%2Fx930nc0dZV8cGDWLQnDCR0M1b2brqWTkZZAPIfk1a2ue%2BWBWCMCiZdXpgjKl9IOYplvJ6Bo6jmhtnT0YX21Sw6ZjbtkbN7RD61dGUzg7G%2ByULazKkoBH7W7AB%2Bwczo7EhDrYFZtxOYKB%2BYQ%2FMDMCxxl%2FHouNAAkc4Yt2zyUog%2FhTk8qKAFTlWM9Fvojiy1nY2efpXl0NwazMTl0DzEUSap2evD8JM0M2ZxWa0C%2BKezWvq2NW5dsUaOHCP2v3VWDqRIb3JkxJF9223pE0wawrdyFAtUmEiNhOe4ypju78yhDNUS3KNPP3o48u7wVef4WqvJkQxDoyln2YyDp8jsXZUSjYOnc8HI3zA2J45HByVrj%2FM2Gsw%2B1oBT0MOHq%2BDIv1Z0US7A9Ki8%2FaXrOYo9nubiuOrE1mKrTdEGDV1DBoe5Ndl9GKYHO%2Fidi106WJwoU6CT4%2BTZr96PXgkCeccQbYINOUvKOFPA5auDdWhlMyNeXqne2VRxRgS9DPlBv07K9wBV7Qd5NTZsuL2Cj3%2FcR4Fvs%2BicFe6wlyASNYAeFJZQ8URA9d49zBk%2BU0CZP%2BgGzN81WjUpxJVJrN5mDsz4Bpoq1w%2F2pILv2%2BeRhFINt8gND9NWXVjuqotIJ4YZoWtt1x9jAHIaV1GJzKy%2FZOUlu9UA3mqwqX89jTL%2BNbFuP737fu%2BUSU5IbaDO5yktnOZjHxzHpHpFulIBfd7%2FXHZyyyjCGCLVJGxprkJAY4hrQkW8nhHmeqcRG3j9mAOi%2BgbqzCkd2CpQ%2FahgJeoF%2FR72TujMdM2x2Ljf%2FdpdXkeQOxUr1cs9eUM8o%2BCp9ubrOY0DZXc50eBITwugSNPH3Ok09sVpGw61BSdoQRvEGgfFlc5w%3D%3D&nvMid=31099748370&catId=50002549,https://shopping-phinf.pstatic.net/main_3109974/31099748370.jpg?type=f140
에어렉스 에어렉스 업소용제습기 산업용 공업용 대용량 ADH-350,"478,000원",https://cr.shopping.naver.com/adcr.nhn?x=KzFw0PoNlomyDPasevOqNf%2F%2F%2Fw%3D%3DsJ00Qjqd%2FkGq4DhfrqOWjDcukdRPCFRO5YomJPvlQ1KElPRmhPe5vp1ncjKZ%2BJ0DaEE%2F4Q4vyL9DypkTyIMMuzx%2B13CaE6YFUg3OkUdgdli9nnVvjMgiHMjbFhm4v1%2F1AP2tfKoQ0NQPyiad34AQ6K9jmWtYSsqTepKGdKclvD9wI5UxOH0HGkmR6TPEjBwQxjU8zA2%2Fr0KRTt%2BMJGMmTd561N%2Bhux2dLWB35JqcZ68A7Mx1ezeOZjOzpssiWRBiJ9gHNA6n0o6CHCNAooTCX80u5UPCpx5BoGALbZJL3EDdS2fGbxC98uTS%2FVlHiKa7MZ%2F8pbNmYrfHLLXhAGtFyQlWWPLcIe1YwU5R%2FUpo92xq%2FYrWzXoqXPG9hxV5irXbJL6gtYUkYYvEzWSOzuoN1Yn%2BUucnAxrsG3xHb9QOpCsJNGU%2FzkhrUoRNo6DoCpZVIPlac7H%2BX2xXcFTLlZksCKk%2F7oR9mL6YXxoQBLTo9%2ByaKfo4D1S7r2ab9mvMOT%2F%2BStnGTCwXQkAv7QPe%2BSvCrn65JcqKiVks7goCfPX2DF%2B8jVIajO9%2F90ElwkDK9iaCH8XMFxI33QTZTFecymbtpifAUdk4qshst%2BJsYaiD%2FixOr2%2FbDZb%2Fm4w%2BIECuEQt2lfAl5dudTqZlos35c9ihFnFmC1%2B4dBhAeQL%2FVFOU9EpU9mU23L6ZQXwl1hYwaTRFAxyAhEKTy%2B0Zvtn8oYxIR0Q%3D%3D&nvMid=31353079637&catId=50002549,https://shopping-phinf.pstatic.net/main_3135307/31353079637.jpg?type=f140
에어렉스 대용량 업소용 제습기 일65리터 ADH-350,"580,000원",https://cr.shopping.naver.com/adcr.nhn?x=Wu%2FQ2B2DpPalPeswwQX8hf%2F%2F%2Fw%3D%3DsgpnScDdMQQ7h19BQUetUY%2BXUnwtLbfXX%2BbUJRlXa3Vwijg%2BYKWjIWQpNBjWNeivAmxQX0JHadbTh9ePbvWmIaW8JDaLW0PWGTtDrzav6gnDEUX09dOa3ynSbjMTTmgLZQ%2BD%2Fo9glb0ukJK6bM8miKOrBpKG6xzi43UPT3zaWqwD%2FIxp1Oh75GG67xk3peaS4ovoLRdTK%2Ffd2QkkdQClohY%2Fnj%2FVF2XeRwBKHuXlEZrd7beoK8KW56nIQOWW%2F7LgP9ct7f0fsF2j3cnjrqrCC6xPceuZ1yT1cTWi4QbiqSiCSTU23ZiSijUp%2F563W%2BACWzX0dcVSiQ%2FNqS7FP8kRFG38i0cXkF1KNuJjHScHKgq3%2Ft6%2F%2B5RIUgDbwy3Zy%2B9n0XFkBTsAEW6Se25sPVzD6tEP%2F94raU6%2BSLqt0ukL4SIix7bB2%2BWxJ4RpZY9lPeHcEWiHJnwLgjpjstOcUdmxcxVEFXNn7e%2BO4IkhDGSUqFn%2FrJiJPn2%2BM3FA09mchd77HQtS9Jky9PqJOjQ8mYLEUvoXBbcMCs0UqXvWAf4I2bhA%2FG1xZlrZ%2F6j9FuH00hEWn%2F5g9i7ZpKMHSzOgZ7LqhI7KEwboZbSU6dnz0q8GOdwReGQ2RxF3sxnQbjzCbXb8cxbxNgnVihJy%2BedWmxXxMcKX8kRv1sGJLkdyKyln5fDOzvOLlMekgBWRyk2%2F8sfGt3V5eZKLWdmBolS8aD4bJDR0cjwVm1BUYVknE7IEMpz4%3D&nvMid=26853644068&catId=50002549,https://shopping-phinf.pstatic.net/main_2685364/26853644068.2.jpg?type=f140
에어렉스 업소용 대용량 제습기 CDH-350 65L,"470,000원",https://cr.shopping.naver.com/adcr.nhn?x=4euY2YGCQL%2FPch0jiGRpg%2F%2F%2F%2Fw%3D%3DsbmCgINbOCV%2Byh%2F5q%2B5eNgsUMPcrbIDZ08jVDlYtRetcijg%2BYKWjIWQpNBjWNeivAmxQX0JHadbTh9ePbvWmIaQYI9praVjKjQgGCH2VChuobT3ngCPCFtE62RCAm%2BvgsQ%2BD%2Fo9glb0ukJK6bM8miKOrBpKG6xzi43UPT3zaWqwD%2FIxp1Oh75GG67xk3peaS4ovoLRdTK%2Ffd2QkkdQClohY%2Fnj%2FVF2XeRwBKHuXlEZrekdqiBn287SrK8yFaQQQYaCZ9cuP9A7g652OOgCAxnieHLJCwP0fQlAf9HvZtT1Qm6NGBBV3J36NT9r3U5TBeJWxmv7KuJaqlP9f4FYjw8xiIjIur49%2Bpx38ZK%2BvekTHWCbLmP4m47vy2Euser4k0V0hhd8ro1RV8GSyTIbc3%2B3se9j9TM33g7MivnAbc9%2BIAH3CbtTr3RfYumPycdkbUUy39%2BZfRzeVgkn7HjFysrEEW3FXhBlHtQUjWJYiu6A89IJgj1g6tR3ZfAisg6QXNU0P01ZdWO6qi0gnhhmha23ZrkFgyOANypnHkhu8iBt2hRHwDS%2BYebBIdT%2BFLB8nyknxKgFvQBfr8awyq3XlApLOYQsU7TtARBhTKL6TvT1FNVyhSLyjIZ7wIq8HOxtMcOshMy3FBLOn3rgmj34y39gW9TZjqEQTAbFzUBl8432wvhVEAf6wwM5tqtSh0bB5Hx&nvMid=28776471615&catId=50002549,https://shopping-phinf.pstatic.net/main_2877647/28776471615.jpg?type=f140
에어렉스 헵시바 산업용 대용량 업소용 제습기 ADH-600P D1,"792,000원",https://cr.shopping.naver.com/adcr.nhn?x=%2BBjwti53cIq2m90G%2Fs1ckv%2F%2F%2Fw%3D%3DsN0PCmJ1%2BAEA%2BpW2z0oIRpQaUWnxTspc3NMxAT4EBxys%2Fx930nc0dZV8cGDWLQnDCR0M1b2brqWTkZZAPIfk1a9w5GxbwhLexEaeIqh5kI5PCb99eoYam0gw7tfYEj9mww6ZjbtkbN7RD61dGUzg7G%2ByULazKkoBH7W7AB%2Bwczo7EhDrYFZtxOYKB%2BYQ%2FMDMCxxl%2FHouNAAkc4Yt2zyUog8RVuaj%2FFZX37%2F%2B%2BAhrSSBRwrutLv5CQ%2FJCfW1oMRKP%2FjOUtP4Q7hEYXdGDiCs3Sal0KGeEPQfh1Z735ge%2BuO67vIo9KlYFL9nakB5nEaRJ1ZDmYqQvV43dpVxuUdDBl3lNCFxNGH3eBKZdEe3Zv8LFQKZ7LmtDbAiutuZs8a2dh%2Bhn%2Bb902Ty%2BoRE97pfvM3KEQiVFQW9YLZ%2BEck%2FLxmebV2F2kHYG3wEzYWPHCqWaZfm3w8GmG6MvDcApmBBbo1YcXv6UCacCYAQ9C4clK4SEXRuSCgPtKHvCgvw1FX7MgBuW510RiSpqLPy%2BD9h2NSc9tI83NjzYdrkQNxe2a9eTtFiuK8FKNXuOoXihsdOKEgxJy3opUdSz13AfneSjytRsM7TAoE4GUlVjiupJbYCo5fzU3WUg3jWPtBfSAn%2FP1jwYpjw2cDrbWY3K8FHJWfWhPumk7x3IsrwTJX9iKrTMBaynrAUen02LvXw%2BS5KaIaGimR4pR27mrh1IoDTOSgA%3D%3D&nvMid=31356348804&catId=50002549,https://shopping-phinf.pstatic.net/main_3135634/31356348804.jpg?type=f140
에어렉스 헵시바 산업용 대용량 업소용 제습기 ADH-600T D1,"693,000원",https://cr.shopping.naver.com/adcr.nhn?x=QalVLF%2BkojSmhDlP7h6sDv%2F%2F%2Fw%3D%3DsY%2F4P5MSkodFxH5e1MhNCNV7m83JxbbpKt2lX%2FZu9iP4%2Fx930nc0dZV8cGDWLQnDCR0M1b2brqWTkZZAPIfk1a5ZdMpW6lkpasDlMWT7pCRKkKhvto%2B5w4fzG6mxor%2BZHw6ZjbtkbN7RD61dGUzg7G%2ByULazKkoBH7W7AB%2Bwczo7EhDrYFZtxOYKB%2BYQ%2FMDMCxxl%2FHouNAAkc4Yt2zyUog8RVuaj%2FFZX37%2F%2B%2BAhrSSBRwrutLv5CQ%2FJCfW1oMRKP%2FjOUtP4Q7hEYXdGDiCs3Sanreqo6C3Ci2uN2s6hOJ6ELvIo9KlYFL9nakB5nEaRJ1ZDmYqQvV43dpVxuUdDBl3lNCFxNGH3eBKZdEe3Zv8LFQKZ7LmtDbAiutuZs8a2dhe6YmaIynBCIL0ii7ylYj5aEQiVFQW9YLZ%2BEck%2FLxmebV2F2kHYG3wEzYWPHCqWaZUQH4UcaA%2F3zLFzzTIfoW2IcXv6UCacCYAQ9C4clK4SEXRuSCgPtKHvCgvw1FX7MgBuW510RiSpqLPy%2BD9h2NSc9tI83NjzYdrkQNxe2a9eTtFiuK8FKNXuOoXihsdOKEYaVaFAUhS0QCMN0I5WZA8rpDc0j877RdccEpx0sc8IJBK%2BwdNM7XoCuMRhsWCsTdjwYpjw2cDrbWY3K8FHJWfTO04woIZBNrhKYoR9q3LW8BaynrAUen02LvXw%2BS5KaIaGimR4pR27mrh1IoDTOSgA%3D%3D&nvMid=31356431613&catId=50002549,https://shopping-phinf.pstatic.net/main_3135643/31356431613.jpg?type=f140
에어렉스 헵시바 산업용 대용량 업소용 제습기 ADH-700T D1,"858,000원",https://cr.shopping.naver.com/adcr.nhn?x=IjGyDwmGvAYVpUp3QOSvgP%2F%2F%2Fw%3D%3Dsq4hbim8JVA3n5TBtkMdQqLLGx%2FtCYJt%2BaMyrTXXasH4%2Fx930nc0dZV8cGDWLQnDCR0M1b2brqWTkZZAPIfk1a4XyaeTN5aKauprR%2BfPibFRCYgxYASueG0lL1w9VNLzjw6ZjbtkbN7RD61dGUzg7G%2ByULazKkoBH7W7AB%2Bwczo7EhDrYFZtxOYKB%2BYQ%2FMDMCxxl%2FHouNAAkc4Yt2zyUog8RVuaj%2FFZX37%2F%2B%2BAhrSSBRwrutLv5CQ%2FJCfW1oMRKP%2FjOUtP4Q7hEYXdGDiCs3Sai1lggp1QkWdEvgVTt3LzrPvIo9KlYFL9nakB5nEaRJ1ZDmYqQvV43dpVxuUdDBl3lNCFxNGH3eBKZdEe3Zv8LFQKZ7LmtDbAiutuZs8a2dhNk8tua0RlipliWsVTfiHnqEQiVFQW9YLZ%2BEck%2FLxmebV2F2kHYG3wEzYWPHCqWaZxgSN%2BHwkx9Pv3TDDHS7%2F4YcXv6UCacCYAQ9C4clK4SEXRuSCgPtKHvCgvw1FX7MgBuW510RiSpqLPy%2BD9h2NSc9tI83NjzYdrkQNxe2a9eTGtIOHfR1FBYJCfpHlCvL9YaVaFAUhS0QCMN0I5WZA8mY2pv%2B%2BkBy5knGsdtX8itv1B3hs%2FjkoJrkbmDviQwk2jwYpjw2cDrbWY3K8FHJWfYCzP36xsSIN49IrTElfJS0BaynrAUen02LvXw%2BS5KaIaGimR4pR27mrh1IoDTOSgA%3D%3D&nvMid=31356430886&catId=50002549,https://shopping-phinf.pstatic.net/main_3135643/31356430886.jpg?type=f140
에어렉스 헵시바 산업용 대용량 업소용 제습기 ADH-700T D1,"858,000원",https://cr.shopping.naver.com/adcr.nhn?x=OschgiK85ieFVcTLJWHBmf%2F%2F%2Fw%3D%3DsOKwykW1RUEa2l%2FKnuHV8EIYXs0UaUY51cqiL9PsKFME%2Fx930nc0dZV8cGDWLQnDCR0M1b2brqWTkZZAPIfk1awANS6JPErfaxAUQwsriXVBRGsB8ufUWf7wLJ2QzcwOmw6ZjbtkbN7RD61dGUzg7G%2ByULazKkoBH7W7AB%2Bwczo7EhDrYFZtxOYKB%2BYQ%2FMDMCxxl%2FHouNAAkc4Yt2zyUog8RVuaj%2FFZX37%2F%2B%2BAhrSSBQcI1qWLzYC44htB4Tc%2FK%2B2UxxvXtLAP3gXj6IvhZQZFoMFKjFV3rPOK%2BdcjzY6ojrvKlD%2BBCy5fu6LgXVvnZqy8TwZndREQ73JJzQc4hTJ37NZ7mvnd339eP10aocnpGzaFK46Y%2FXR%2Bqfyrq60jCirVuzTzfjfbM3EC%2B%2FxgSP6%2FIkfK4TsQ3d%2BW6HqrvY3puOj63CCBptzTXrp1eaolhZQPCzQ6WOs%2B2dvXaVJfzmXPE%2BVVvzBkgZKdASh8RxWJweDE6AXvm5pQO1RRJa%2BJOF%2BR4Jkxw9CZBJgFMqTHllHo04pGZWlhtT1qWEryKdLezj3H9Ahlt%2BbDIJL3ttIhLXtgt7bnk5TqjLcq%2Fj7Ix7KwEYMEzHzhaYlmpGFUyVO2FxW7v1M5GLSt03ZBqk5D4FBDi1%2Fdrpgaxb40uWFbUA0YGai63wYLvIdqLjmSfJzEWOmLlmVEUtMzm36cb504DAZ2ZVWCwxCaZyPHBegjD0iFmBimGzjzIVdUvQVtUn5t%2FF8yuL6QQ73Ktpg3eB%2FmHvRhWw3%2BIByOa0jCVNQVnCDoA%3D%3D&nvMid=31353930555&catId=50002549,https://shopping-phinf.pstatic.net/main_3135393/31353930555.jpg?type=f140
에어렉스 헵시바 산업용 대용량 업소용 제습기 ADH-600P D1,"792,000원",https://cr.shopping.naver.com/adcr.nhn?x=Lzq8Tmpq%2Fkj3gkYjn8%2FiOf%2F%2F%2Fw%3D%3Ds3gCIf4xdQuylmp%2BezeEasg4GjRsj8MvaSSoG6Ra42xs%2Fx930nc0dZV8cGDWLQnDCR0M1b2brqWTkZZAPIfk1a6Z%2FADDBUjBU9RqyPZPL9hy06lZA82qzBIB6k0bMX3pww6ZjbtkbN7RD61dGUzg7G%2ByULazKkoBH7W7AB%2Bwczo7EhDrYFZtxOYKB%2BYQ%2FMDMCxxl%2FHouNAAkc4Yt2zyUog8RVuaj%2FFZX37%2F%2B%2BAhrSSBQcI1qWLzYC44htB4Tc%2FK%2B2UxxvXtLAP3gXj6IvhZQZFoMFKjFV3rPOK%2BdcjzY6ojrvKlD%2BBCy5fu6LgXVvnZqyhvPqh8Q13VzlTpStxSqkEbNZ7mvnd339eP10aocnpGzaFK46Y%2FXR%2Bqfyrq60jCirVuzTzfjfbM3EC%2B%2FxgSP6%2FIkfK4TsQ3d%2BW6HqrvY3puOj63CCBptzTXrp1eaolhZQDv7CUVVEuYJaTMSrpB7YWk%2BVVvzBkgZKdASh8RxWJweDE6AXvm5pQO1RRJa%2BJOF%2B8n2I4brPuQjxlhodhIhL504pGZWlhtT1qWEryKdLezj3H9Ahlt%2BbDIJL3ttIhLXtgt7bnk5TqjLcq%2Fj7Ix7KwEYMEzHzhaYlmpGFUyVO2FzbLmUIXSNNp%2BIV3NZAFB8AWxVQuviZOqhXETpgGwbGfjy7K9gKV7ZAxPqvsY2cIKV8c%2FUk3fKvOwsBCKVlUano2ZVWCwxCaZyPHBegjD0iFrbyor5ymxP8h7XE8TcLxPh8yuL6QQ73Ktpg3eB%2FmHvRhWw3%2BIByOa0jCVNQVnCDoA%3D%3D&nvMid=31354125398&catId=50002549,https://shopping-phinf.pstatic.net/main_3135412/31354125398.jpg?type=f140
에어렉스 헵시바 산업용 대용량 업소용 제습기 ADH-600P D1,"792,000원",https://cr.shopping.naver.com/adcr.nhn?x=9zMEGWk6gwizN10XdxD9hf%2F%2F%2Fw%3D%3Dsk6hx95E4MQQE0fyxoi6iNBZ7bpXQv2o5EEjrNzrkwBcijg%2BYKWjIWQpNBjWNeivAmxQX0JHadbTh9ePbvWmIaTWMpCaFhi2yIoF5Wx1%2FRSu054DVMZga9JWHxLsmEI4gQ%2BD%2Fo9glb0ukJK6bM8miKOrBpKG6xzi43UPT3zaWqwD%2FIxp1Oh75GG67xk3peaS4ovoLRdTK%2Ffd2QkkdQClohZdjMUchg8LC70DgsfEjdA4I2x%2Fu7DYM1XWsLoQNq4IhaHAkRhFg%2FFvjFAx9q0I4aQODtaAgbWTrdhBW8mYtg6hrlD7QHdc3%2Be%2BiL%2BkYpCPUZDmYqQvV43dpVxuUdDBl3lNCFxNGH3eBKZdEe3Zv8LFQKZ7LmtDbAiutuZs8a2dhszfJ2n1yN1v2pHUDcHNGFDFXXfMlCLUr2lKJopHKNreDE6AXvm5pQO1RRJa%2BJOF%2BuxHj%2Bj39eG6AYoY8L%2F%2B39E4pGZWlhtT1qWEryKdLezj3H9Ahlt%2BbDIJL3ttIhLXtgt7bnk5TqjLcq%2Fj7Ix7KwEYMEzHzhaYlmpGFUyVO2FzbLmUIXSNNp%2BIV3NZAFB8AWxVQuviZOqhXETpgGwbGfm7z7jReutOcg07tcWMMxv58c%2FUk3fKvOwsBCKVlUano2ZVWCwxCaZyPHBegjD0iFp2k02%2F1YXsTixjyJ5KSdl98yuL6QQ73Ktpg3eB%2FmHvRhWw3%2BIByOa0jCVNQVnCDoA%3D%3D&nvMid=31354086441&catId=50002549,https://shopping-phinf.pstatic.net/main_3135408/31354086441.jpg?type=f140
에어렉스 헵시바 산업용 대용량 업소용 제습기 ADH-700T D1,"858,000원",https://cr.shopping.naver.com/adcr.nhn?x=5rUhcaf5X%2FhPU2lMr%2BT7s%2F%2F%2F%2Fw%3D%3DseRi5R1GO6q%2Byl6P1vxDPQqet%2F2Q1j9fGc%2FL7RATfxr4%2Fx930nc0dZV8cGDWLQnDCR0M1b2brqWTkZZAPIfk1a2gEqgvSM3tQpOXbhg5QfvHXHNbkULnTHjI3xzEE9VCPw6ZjbtkbN7RD61dGUzg7G%2ByULazKkoBH7W7AB%2Bwczo7EhDrYFZtxOYKB%2BYQ%2FMDMCxxl%2FHouNAAkc4Yt2zyUog0Ra8ItvJCOFBh9NPjaorwfDR4GspaPKDiw%2FqEpToMENAh0DTS47%2F1G2OEy2RK4eOtt%2BwN4QAIxAp3xaWwSPdT8O5lJYoGttn0sKQf1jWNpTfElFATEJTbrkj526aY46eOsiZw2Ih5dpmK67iSUlza9kL5JdTHDItRySe25wAAG1KHoDtPDtcX82%2FaNql7Df2Me9j9TM33g7MivnAbc9%2BICctaNjWlEf3akAreOYcA3AAybQ6CM9BZrhXfODv6B7XUW3FXhBlHtQUjWJYiu6A8%2FRH5J2uk15RLqxzWIXZUAIpmbDWHCqmOgQJSSGKAQUJBkE9%2Fx9WsYv572shQ9KYsuiF0fgNHhJdEXL2rAkdAaNuTkPP%2BOJgU8WiATX92S0SEUPgI18NMzbGJi2lcdnXXzmc67j2MGDaSUIU2AoHIhteIoC%2B6bYBxc6iqXobnn2YHwGrv%2BWLIK7ysNnHnn1nDEkAbCxPZDeN8NiUc%2F%2FW5z1HRyPBWbUFRhWScTsgQynPg%3D%3D&nvMid=31353832529&catId=50002549,https://shopping-phinf.pstatic.net/main_3135383/31353832529.jpg?type=f140
에어렉스 헵시바 산업용 대용량 업소용 제습기 ADH-600T D1,"693,000원",https://cr.shopping.naver.com/adcr.nhn?x=vxNrRLzqKROZeQnInsT1Qv%2F%2F%2Fw%3D%3DsgagnNi1iDfo9269X8PuhVcSQdA1TizJjjJeqmHo%2FZscijg%2BYKWjIWQpNBjWNeivAmxQX0JHadbTh9ePbvWmIaSlFhAqlTty6apEdXs0iW7JstbjgyKAshRphoG%2BnjqDyQ%2BD%2Fo9glb0ukJK6bM8miKOrBpKG6xzi43UPT3zaWqwD%2FIxp1Oh75GG67xk3peaS4ovoLRdTK%2Ffd2QkkdQClohZdjMUchg8LC70DgsfEjdA4I2x%2Fu7DYM1XWsLoQNq4IhaHAkRhFg%2FFvjFAx9q0I4aXlFwqC3VBljas%2BEOxTka6ax66iFQDs9VAYoc3V8itE7ZDmYqQvV43dpVxuUdDBl3lNCFxNGH3eBKZdEe3Zv8LFQKZ7LmtDbAiutuZs8a2dhmE5Y50Vw7CFJKAC3VUJ24jFXXfMlCLUr2lKJopHKNreDE6AXvm5pQO1RRJa%2BJOF%2ByEtF4aXRhaz4a2Y29NOzpE4pGZWlhtT1qWEryKdLezj3H9Ahlt%2BbDIJL3ttIhLXtgt7bnk5TqjLcq%2Fj7Ix7KwEYMEzHzhaYlmpGFUyVO2FzbLmUIXSNNp%2BIV3NZAFB8ADi1%2Fdrpgaxb40uWFbUA0YOS1VLBqiAev6uHIR%2FKPPqrtbRIPL0I7hvx44ehuxhQS2ZVWCwxCaZyPHBegjD0iFqVxqcGEV1YsazPD0F%2BlJi58yuL6QQ73Ktpg3eB%2FmHvRhWw3%2BIByOa0jCVNQVnCDoA%3D%3D&nvMid=31353969668&catId=50002549,https://shopping-phinf.pstatic.net/main_3135396/31353969668.jpg?type=f140
에어렉스 헵시바 산업용 대용량 업소용 제습기 ADH-600T D1,"693,000원",https://cr.shopping.naver.com/adcr.nhn?x=5zNDbRjOMnA1OdjLC49OEf%2F%2F%2Fw%3D%3DsX90Fm342dBKsTgpJENYWltkBoNl9fnZ0X5YkwiL%2F1AI%2Fx930nc0dZV8cGDWLQnDCR0M1b2brqWTkZZAPIfk1a8OH3XdSHlbgunl%2B6NoigFoMxIc4MQRcCxGbs4eNeDM8w6ZjbtkbN7RD61dGUzg7G%2ByULazKkoBH7W7AB%2Bwczo7EhDrYFZtxOYKB%2BYQ%2FMDMCxxl%2FHouNAAkc4Yt2zyUog8RVuaj%2FFZX37%2F%2B%2BAhrSSBQcI1qWLzYC44htB4Tc%2FK%2B2UxxvXtLAP3gXj6IvhZQZFoMFKjFV3rPOK%2BdcjzY6ojrvKlD%2BBCy5fu6LgXVvnZqy9OsNsvDFkNews9t8d39gLLNZ7mvnd339eP10aocnpGzaFK46Y%2FXR%2Bqfyrq60jCirVuzTzfjfbM3EC%2B%2FxgSP6%2FIkfK4TsQ3d%2BW6HqrvY3puOj63CCBptzTXrp1eaolhZQ2khHcGFJKW%2B%2B5kwS9rm9fU%2BVVvzBkgZKdASh8RxWJweDE6AXvm5pQO1RRJa%2BJOF%2B3DZCWSDMcYwz3L%2FS%2BGVe4k4pGZWlhtT1qWEryKdLezj3H9Ahlt%2BbDIJL3ttIhLXtgt7bnk5TqjLcq%2Fj7Ix7KwEYMEzHzhaYlmpGFUyVO2FzbLmUIXSNNp%2BIV3NZAFB8ADi1%2Fdrpgaxb40uWFbUA0YFYkKDkbc3M%2Fgc5FMxnkBDLtbRIPL0I7hvx44ehuxhQS2ZVWCwxCaZyPHBegjD0iFiipDicyZLmOMJvDi%2FcvRV58yuL6QQ73Ktpg3eB%2FmHvRhWw3%2BIByOa0jCVNQVnCDoA%3D%3D&nvMid=31354161314&catId=50002549,https://shopping-phinf.pstatic.net/main_3135416/31354161314.jpg?type=f140
에어렉스 헵시바 산업용 대용량 업소용 제습기 ADH-700P D1,"957,000원",https://cr.shopping.naver.com/adcr.nhn?x=kwSUTxVKR8gbh1gEci3%2FDv%2F%2F%2Fw%3D%3DsUP1dSCJaRQeHPdS5QTk3hc%2F8FZBqpc%2FAia1kA4aF6QA%2Fx930nc0dZV8cGDWLQnDCR0M1b2brqWTkZZAPIfk1a1f9Uhe0mQtaghm6YNNZn1xnnguL4rVqtkMVO8XBmSC1w6ZjbtkbN7RD61dGUzg7G%2ByULazKkoBH7W7AB%2Bwczo7EhDrYFZtxOYKB%2BYQ%2FMDMCxxl%2FHouNAAkc4Yt2zyUog0Ra8ItvJCOFBh9NPjaorwfDR4GspaPKDiw%2FqEpToMENAh0DTS47%2F1G2OEy2RK4eOhtqb7NIK%2FIR2RYd1fTwOux2k1hfsyNbKvg%2BuY%2Bxq99gfElFATEJTbrkj526aY46eOsiZw2Ih5dpmK67iSUlza9kL5JdTHDItRySe25wAAG1mxgCbW%2FLEINN7bpaYv8wBce9j9TM33g7MivnAbc9%2BIDb43Exklxfh9r13GXfjCHTRUAUwbQDbDD0KG%2FzSF0%2FBkW3FXhBlHtQUjWJYiu6A8%2FRH5J2uk15RLqxzWIXZUAIpmbDWHCqmOgQJSSGKAQUJBkE9%2Fx9WsYv572shQ9KYsuthhsL1KYCsVJNpc1j6MLauTkPP%2BOJgU8WiATX92S0SGjNNbLjmvEI%2BtlK1N2Mm4s02%2BtBgPJ00inzd1ppnXEIQw3ZhJ34ioZfVwZ0Xe%2FwK3kFedmW4t01HO9fEGzFbl0kAbCxPZDeN8NiUc%2F%2FW5z1HRyPBWbUFRhWScTsgQynPg%3D%3D&nvMid=31309981704&catId=50002549,https://shopping-phinf.pstatic.net/main_3130998/31309981704.jpg?type=f140
에어렉스 헵시바 산업용 대용량 업소용 제습기 ADH-700P D1,"957,000원",https://cr.shopping.naver.com/adcr.nhn?x=24vMuwcdAA%2BKDYFHJw3%2BGP%2F%2F%2Fw%3D%3DsDAxaS9cgrg8dGuB5bUmDR%2FEkkpCJUbgphNrN%2FN9cCpM%2Fx930nc0dZV8cGDWLQnDCR0M1b2brqWTkZZAPIfk1a%2FXHuFEga6DmA9RnfQut49MKWdhdJd1f8LTEovf9SO0Hw6ZjbtkbN7RD61dGUzg7G%2ByULazKkoBH7W7AB%2Bwczo7EhDrYFZtxOYKB%2BYQ%2FMDMCxxl%2FHouNAAkc4Yt2zyUog8RVuaj%2FFZX37%2F%2B%2BAhrSSBRwrutLv5CQ%2FJCfW1oMRKP%2FjOUtP4Q7hEYXdGDiCs3SahJigxvWQ7%2FF1TgGFGggei7vIo9KlYFL9nakB5nEaRJ1ZDmYqQvV43dpVxuUdDBl3lNCFxNGH3eBKZdEe3Zv8LFQKZ7LmtDbAiutuZs8a2dhm07W8Y%2B0Q02uqoTspozWNaEQiVFQW9YLZ%2BEck%2FLxmebV2F2kHYG3wEzYWPHCqWaZnjBYOkvCdA%2Fww0RprEu%2BlYcXv6UCacCYAQ9C4clK4SEXRuSCgPtKHvCgvw1FX7MgBuW510RiSpqLPy%2BD9h2NSc9tI83NjzYdrkQNxe2a9eTGtIOHfR1FBYJCfpHlCvL9gxJy3opUdSz13AfneSjytezw%2BTfOsOmywjSGtgE6fw0ck8bKhfIcKVK%2FKjUMFgKdjwYpjw2cDrbWY3K8FHJWfVBu0W06ngC6wwifUb3PlEBNLeb0USAiXORWfOJb56uVy1Vhq%2FH77x9Zlr1IFzyuow%3D%3D&nvMid=31302805029&catId=50002549,https://shopping-phinf.pstatic.net/main_3130280/31302805029.jpg?type=f140
에어렉스 헵시바 산업용 대용량 업소용 제습기 ADH-700P D1,"957,000원",https://cr.shopping.naver.com/adcr.nhn?x=%2BduVjk7qMkG0URl%2FMKCdef%2F%2F%2Fw%3D%3DsQKZUEt1NM8FD5PwdW3oSIyOESHSzpmGVkLwtmutzF%2B8UAEA2Llo9ayG2zM7qRWbT0P01ZdWO6qi0gnhhmha23TJOjzRYTGP3S029hzsK8LCDUcH5wxNMYoOeupMcxVNygGwmPNX%2Fe%2BXkuZ30duRQYiNTg4vYVJt0qtKSwfXbvj5EpbHmM3c7ReCiUl6m0rielEEg14foG%2BVdAX0L7v1FZL6XAnXLARk5zGIwLaXvCWu%2F4M47N2TI%2BvKM8a1TSgaYnuzs%2F5Ts%2Fjdg4pqMIr9X4DPbuNejet9Mhup8bfLqQvIsOJoYhB0zmHkgM4%2FnGrdoPNcrpxkvLOiQA%2FBwcJYCP%2Bf1dz4FwLyLlLHjNRU2Hk00xhDelscLW7CPL0XwJLcxZDmYqQvV43dpVxuUdDBl3lNCFxNGH3eBKZdEe3Zv8LFQKZ7LmtDbAiutuZs8a2dhh5Pyuzs9maXE7r229Xxdz8e9j9TM33g7MivnAbc9%2BICj0rRDuBcxcoN8Yhb9VJn%2FkJkCW9sVtfPNZc4vP%2BsS%2F0W3FXhBlHtQUjWJYiu6A8%2FRH5J2uk15RLqxzWIXZUAIpmbDWHCqmOgQJSSGKAQUJBkE9%2Fx9WsYv572shQ9KYsuthhsL1KYCsVJNpc1j6MLauTkPP%2BOJgU8WiATX92S0SJDb2IFIEihfeqAuVCPeq5402%2BtBgPJ00inzd1ppnXEIsXm2Q1Kl2ZHMXAbycH13M%2BkkAhOuWLGWMKyDm3brydNeZidfNWNx43LPOv7iobdHQdAiJdwXirBRdnaxfvrBbw%3D%3D&nvMid=31302723429&catId=50002549,https://shopping-phinf.pstatic.net/main_3130272/31302723429.jpg?type=f140
